item_id,tile_id,date,year,href,bbox,path
ca_m_4012215_sw_10_060_20200713,ca_m_4012215_sw_10,2020-07-13T00:00:00,2020,,"[-122.253125, 40.74776, -122.184302, 40.814752]",../data/ca_m_4012215_sw_10_060_20200713.tif
ca_m_4012215_nw_10_060_20200713,ca_m_4012215_nw_10,2020-07-13T00:00:00,2020,,"[-122.253136, 40.810243, -122.184319, 40.877234]",../data/ca_m_4012215_nw_10_060_20200713.tif
ca_m_4012213_sw_10_060_20200713,ca_m_4012213_sw_10,2020-07-13T00:00:00,2020,,"[-122.502872, 40.747903, -122.43458, 40.814588]",../data/ca_m_4012213_sw_10_060_20200713.tif
ca_m_4012223_nw_10_060_20200713,ca_m_4012223_nw_10,2020-07-13T00:00:00,2020,,"[-122.253114, 40.685223, -122.184355, 40.752269]",../data/ca_m_4012223_nw_10_060_20200713.tif
ca_m_4112261_se_10_060_20200713,ca_m_4112261_se_10,2020-07-13T00:00:00,2020,,"[-122.440431, 40.997833, -122.37203, 41.064659]",../data/ca_m_4112261_se_10_060_20200713.tif
ca_m_4012222_nw_10_060_20200713,ca_m_4012222_nw_10,2020-07-13T00:00:00,2020,,"[-122.378012, 40.685335, -122.309448, 40.752201]",../data/ca_m_4012222_nw_10_060_20200713.tif
ca_m_4012215_ne_10_060_20200713,ca_m_4012215_ne_10,2020-07-13T00:00:00,2020,,"[-122.190677, 40.810217, -122.121797, 40.877298]",../data/ca_m_4012215_ne_10_060_20200713.tif
ca_m_4012222_ne_10_060_20200713,ca_m_4012222_ne_10,2020-07-13T00:00:00,2020,,"[-122.315527, 40.685269, -122.246902, 40.752225]",../data/ca_m_4012222_ne_10_060_20200713.tif
ca_m_4112262_se_10_060_20200713,ca_m_4112262_se_10,2020-07-13T00:00:00,2020,,"[-122.315586, 40.997787, -122.246847, 41.064741]",../data/ca_m_4112262_se_10_060_20200713.tif
ca_m_4012220_ne_10_060_20200713,ca_m_4012220_ne_10,2020-07-13T00:00:00,2020,,"[-122.565325, 40.685438, -122.497159, 40.752087]",../data/ca_m_4012220_ne_10_060_20200713.tif
ca_m_4012221_nw_10_060_20200713,ca_m_4012221_nw_10,2020-07-13T00:00:00,2020,,"[-122.50284, 40.685366, -122.434612, 40.752104]",../data/ca_m_4012221_nw_10_060_20200713.tif
ca_m_4012214_nw_10_060_20200713,ca_m_4012214_nw_10,2020-07-13T00:00:00,2020,,"[-122.377985, 40.810301, -122.309433, 40.877166]",../data/ca_m_4012214_nw_10_060_20200713.tif
ca_m_4012224_nw_10_060_20200713,ca_m_4012224_nw_10,2020-07-13T00:00:00,2020,,"[-122.128215, 40.685192, -122.059192, 40.752311]",../data/ca_m_4012224_nw_10_060_20200713.tif
ca_m_4012215_se_10_060_20200713,ca_m_4012215_se_10,2020-07-13T00:00:00,2020,,"[-122.190653, 40.747735, -122.121768, 40.814762]",../data/ca_m_4012215_se_10_060_20200713.tif
ca_m_4012223_ne_10_060_20200713,ca_m_4012223_ne_10,2020-07-13T00:00:00,2020,,"[-122.190629, 40.685198, -122.121809, 40.75228]",../data/ca_m_4012223_ne_10_060_20200713.tif
ca_m_4012214_ne_10_060_20200713,ca_m_4012214_ne_10,2020-07-13T00:00:00,2020,,"[-122.315525, 40.810289, -122.246911, 40.87719]",../data/ca_m_4012214_ne_10_060_20200713.tif
ca_m_4112262_sw_10_060_20200713,ca_m_4112262_sw_10,2020-07-13T00:00:00,2020,,"[-122.378009, 40.9978, -122.309474, 41.064663]",../data/ca_m_4112262_sw_10_060_20200713.tif
ca_m_4012216_nw_10_060_20200713,ca_m_4012216_nw_10,2020-07-13T00:00:00,2020,,"[-122.128218, 40.810157, -122.059205, 40.877329]",../data/ca_m_4012216_nw_10_060_20200713.tif
ca_m_4112261_sw_10_060_20200713,ca_m_4112261_sw_10,2020-07-13T00:00:00,2020,,"[-122.502853, 40.997886, -122.434586, 41.064622]",../data/ca_m_4112261_sw_10_060_20200713.tif
ca_m_4112263_se_10_060_20200713,ca_m_4112263_se_10,2020-07-13T00:00:00,2020,,"[-122.190671, 40.997714, -122.121735, 41.064794]",../data/ca_m_4112263_se_10_060_20200713.tif
ca_m_4112264_sw_10_060_20200713,ca_m_4112264_sw_10,2020-07-13T00:00:00,2020,,"[-122.128249, 40.997654, -122.05918, 41.064824]",../data/ca_m_4112264_sw_10_060_20200713.tif
ca_m_4012221_ne_10_060_20200713,ca_m_4012221_ne_10,2020-07-13T00:00:00,2020,,"[-122.440426, 40.685367, -122.371995, 40.752142]",../data/ca_m_4012221_ne_10_060_20200713.tif
ca_m_4012216_sw_10_060_20200713,ca_m_4012216_sw_10,2020-07-13T00:00:00,2020,,"[-122.128253, 40.747675, -122.059235, 40.814793]",../data/ca_m_4012216_sw_10_060_20200713.tif
ca_m_4112260_se_10_060_20200713,ca_m_4112260_se_10,2020-07-13T00:00:00,2020,,"[-122.565347, 40.997905, -122.497143, 41.064551]",../data/ca_m_4112260_se_10_060_20200713.tif
ca_m_4112263_sw_10_060_20200713,ca_m_4112263_sw_10,2020-07-13T00:00:00,2020,,"[-122.253093, 40.997741, -122.184291, 41.06473]",../data/ca_m_4112263_sw_10_060_20200713.tif
ca_m_4012214_sw_10_060_20200713,ca_m_4012214_sw_10,2020-07-13T00:00:00,2020,,"[-122.377999, 40.747818, -122.309441, 40.814684]",../data/ca_m_4012214_sw_10_060_20200713.tif
ca_m_4012208_nw_10_060_20200713,ca_m_4012208_nw_10,2020-07-13T00:00:00,2020,,"[-122.128216, 40.935174, -122.059213, 41.002344]",../data/ca_m_4012208_nw_10_060_20200713.tif
ca_m_4012207_sw_10_060_20200713,ca_m_4012207_sw_10,2020-07-13T00:00:00,2020,,"[-122.253147, 40.872725, -122.184334, 40.93977]",../data/ca_m_4012207_sw_10_060_20200713.tif
ca_m_4012207_se_10_060_20200713,ca_m_4012207_se_10,2020-07-13T00:00:00,2020,,"[-122.1907, 40.872699, -122.121754, 40.93978]",../data/ca_m_4012207_se_10_060_20200713.tif
ca_m_4012207_nw_10_060_20200713,ca_m_4012207_nw_10,2020-07-13T00:00:00,2020,,"[-122.253084, 40.93526, -122.184349, 41.00225]",../data/ca_m_4012207_nw_10_060_20200713.tif
ca_m_4012214_se_10_060_20200713,ca_m_4012214_se_10,2020-07-13T00:00:00,2020,,"[-122.315526, 40.747806, -122.246907, 40.814708]",../data/ca_m_4012214_se_10_060_20200713.tif
ca_m_4012207_ne_10_060_20200713,ca_m_4012207_ne_10,2020-07-13T00:00:00,2020,,"[-122.19065, 40.935234, -122.121781, 41.00226]",../data/ca_m_4012207_ne_10_060_20200713.tif
ca_m_4012206_sw_10_060_20200713,ca_m_4012206_sw_10,2020-07-13T00:00:00,2020,,"[-122.377969, 40.872838, -122.309423, 40.939701]",../data/ca_m_4012206_sw_10_060_20200713.tif
ca_m_4012212_ne_10_060_20200713,ca_m_4012212_ne_10,2020-07-13T00:00:00,2020,,"[-122.565293, 40.810405, -122.49714, 40.877053]",../data/ca_m_4012212_ne_10_060_20200713.tif
ca_m_4012208_sw_10_060_20200713,ca_m_4012208_sw_10,2020-07-13T00:00:00,2020,,"[-122.128253, 40.872693, -122.059174, 40.93981]",../data/ca_m_4012208_sw_10_060_20200713.tif
ca_m_4012213_se_10_060_20200713,ca_m_4012213_se_10,2020-07-13T00:00:00,2020,,"[-122.4404, 40.747851, -122.372046, 40.814625]",../data/ca_m_4012213_se_10_060_20200713.tif
ca_m_4012213_ne_10_060_20200713,ca_m_4012213_ne_10,2020-07-13T00:00:00,2020,,"[-122.440444, 40.810334, -122.372025, 40.877162]",../data/ca_m_4012213_ne_10_060_20200713.tif
ca_m_4012206_se_10_060_20200713,ca_m_4012206_se_10,2020-07-13T00:00:00,2020,,"[-122.315522, 40.872771, -122.246914, 40.939725]",../data/ca_m_4012206_se_10_060_20200713.tif
ca_m_4012205_ne_10_060_20200713,ca_m_4012205_ne_10,2020-07-13T00:00:00,2020,,"[-122.44046, 40.935352, -122.371982, 41.002125]",../data/ca_m_4012205_ne_10_060_20200713.tif
ca_m_4012204_se_10_060_20200713,ca_m_4012204_se_10,2020-07-13T00:00:00,2020,,"[-122.565311, 40.872942, -122.497094, 40.939589]",../data/ca_m_4012204_se_10_060_20200713.tif
ca_m_4012213_nw_10_060_20200713,ca_m_4012213_nw_10,2020-07-13T00:00:00,2020,,"[-122.502833, 40.810386, -122.434547, 40.877124]",../data/ca_m_4012213_nw_10_060_20200713.tif
ca_m_4112262_sw_10_060_20181009_20190210,ca_m_4112262_sw_10,2018-10-09T00:00:00,2018,,"[-122.377434, 40.998236, -122.31005, 41.064227]",../data/ca_m_4112262_sw_10_060_20181009_20190210.tif
ca_m_4112261_sw_10_060_20181009_20190210,ca_m_4112261_sw_10,2018-10-09T00:00:00,2018,,"[-122.502279, 40.998321, -122.435161, 41.064187]",../data/ca_m_4112261_sw_10_060_20181009_20190210.tif
ca_m_4112261_se_10_060_20181009_20190210,ca_m_4112261_se_10,2018-10-09T00:00:00,2018,,"[-122.439857, 40.998268, -122.372606, 41.064224]",../data/ca_m_4112261_se_10_060_20181009_20190210.tif
ca_m_4012205_se_10_060_20200713,ca_m_4012205_se_10,2020-07-13T00:00:00,2020,,"[-122.440417, 40.87287, -122.372004, 40.939644]",../data/ca_m_4012205_se_10_060_20200713.tif
ca_m_4012212_se_10_060_20200713,ca_m_4012212_se_10,2020-07-13T00:00:00,2020,,"[-122.565274, 40.747922, -122.497115, 40.81457]",../data/ca_m_4012212_se_10_060_20200713.tif
ca_m_4012214_sw_10_060_20181009_20190209,ca_m_4012214_sw_10,2018-10-09T00:00:00,2018,,"[-122.377426, 40.748254, -122.310014, 40.814248]",../data/ca_m_4012214_sw_10_060_20181009_20190209.tif
ca_m_4012214_nw_10_060_20181009_20190209,ca_m_4012214_nw_10,2018-10-09T00:00:00,2018,,"[-122.377411, 40.810737, -122.310007, 40.87673]",../data/ca_m_4012214_nw_10_060_20181009_20190209.tif
ca_m_4012213_sw_10_060_20181009_20190210,ca_m_4012213_sw_10,2018-10-09T00:00:00,2018,,"[-122.5023, 40.748339, -122.435153, 40.814153]",../data/ca_m_4012213_sw_10_060_20181009_20190210.tif
ca_m_4012205_sw_10_060_20200713,ca_m_4012205_sw_10,2020-07-13T00:00:00,2020,,"[-122.502864, 40.872869, -122.434585, 40.939606]",../data/ca_m_4012205_sw_10_060_20200713.tif
ca_m_4012213_nw_10_060_20181009_20190210,ca_m_4012213_nw_10,2018-10-09T00:00:00,2018,,"[-122.50226, 40.810822, -122.43512, 40.876689]",../data/ca_m_4012213_nw_10_060_20181009_20190210.tif
ca_m_4012213_ne_10_060_20181009_20190210,ca_m_4012213_ne_10,2018-10-09T00:00:00,2018,,"[-122.439872, 40.810769, -122.372599, 40.876727]",../data/ca_m_4012213_ne_10_060_20181009_20190210.tif
ca_m_4012212_ne_10_060_20181009_20190210,ca_m_4012212_ne_10,2018-10-09T00:00:00,2018,,"[-122.564721, 40.81084, -122.497713, 40.876618]",../data/ca_m_4012212_ne_10_060_20181009_20190210.tif
ca_m_4012204_ne_10_060_20200713,ca_m_4012204_ne_10,2020-07-13T00:00:00,2020,,"[-122.56533, 40.935424, -122.497119, 41.00207]",../data/ca_m_4012204_ne_10_060_20200713.tif
ca_m_4012206_nw_10_060_20181009_20190210,ca_m_4012206_nw_10,2018-10-09T00:00:00,2018,,"[-122.377451, 40.935755, -122.309989, 41.001747]",../data/ca_m_4012206_nw_10_060_20181009_20190210.tif
ca_m_4012205_sw_10_060_20181009_20190210,ca_m_4012205_sw_10,2018-10-09T00:00:00,2018,,"[-122.502291, 40.873304, -122.435159, 40.939171]",../data/ca_m_4012205_sw_10_060_20181009_20190210.tif
ca_m_4012205_se_10_060_20181009_20190210,ca_m_4012205_se_10,2018-10-09T00:00:00,2018,,"[-122.439843, 40.873306, -122.372578, 40.939208]",../data/ca_m_4012205_se_10_060_20181009_20190210.tif
ca_m_4012206_ne_10_060_20200713,ca_m_4012206_ne_10,2020-07-13T00:00:00,2020,,"[-122.31559, 40.935307, -122.246917, 41.002206]",../data/ca_m_4012206_ne_10_060_20200713.tif
ca_m_4012205_nw_10_060_20200713,ca_m_4012205_nw_10,2020-07-13T00:00:00,2020,,"[-122.502895, 40.935405, -122.434551, 41.002087]",../data/ca_m_4012205_nw_10_060_20200713.tif
ca_m_4012204_se_10_060_20181009_20190209,ca_m_4012204_se_10,2018-10-09T00:00:00,2018,,"[-122.564739, 40.873377, -122.497668, 40.939154]",../data/ca_m_4012204_se_10_060_20181009_20190209.tif
ca_m_4012206_sw_10_060_20181009_20190210,ca_m_4012206_sw_10,2018-10-09T00:00:00,2018,,"[-122.377396, 40.873273, -122.309998, 40.939266]",../data/ca_m_4012206_sw_10_060_20181009_20190210.tif
ca_m_4112264_sw_10_060_20181007_20190209,ca_m_4112264_sw_10,2018-10-07T00:00:00,2018,,"[-122.127673, 40.998091, -122.059757, 41.064388]",../data/ca_m_4112264_sw_10_060_20181007_20190209.tif
ca_m_4112263_sw_10_060_20181007_20190210,ca_m_4112263_sw_10,2018-10-07T00:00:00,2018,,"[-122.252517, 40.998177, -122.184868, 41.064294]",../data/ca_m_4112263_sw_10_060_20181007_20190210.tif
ca_m_4112263_se_10_060_20181007_20190210,ca_m_4112263_se_10,2018-10-07T00:00:00,2018,,"[-122.190095, 40.998151, -122.122312, 41.064358]",../data/ca_m_4112263_se_10_060_20181007_20190210.tif
ca_m_4112262_se_10_060_20181007_20190210,ca_m_4112262_se_10,2018-10-07T00:00:00,2018,,"[-122.315011, 40.998223, -122.247423, 41.064305]",../data/ca_m_4112262_se_10_060_20181007_20190210.tif
ca_m_4012224_nw_10_060_20181007_20190210,ca_m_4012224_nw_10,2018-10-07T00:00:00,2018,,"[-122.127642, 40.685629, -122.059767, 40.751874]",../data/ca_m_4012224_nw_10_060_20181007_20190210.tif
ca_m_4012223_nw_10_060_20181007_20190210,ca_m_4012223_nw_10,2018-10-07T00:00:00,2018,,"[-122.252541, 40.68566, -122.184929, 40.751833]",../data/ca_m_4012223_nw_10_060_20181007_20190210.tif
ca_m_4012206_nw_10_060_20200713,ca_m_4012206_nw_10,2020-07-13T00:00:00,2020,,"[-122.378025, 40.935319, -122.309414, 41.002183]",../data/ca_m_4012206_nw_10_060_20200713.tif
ca_m_4012221_ne_10_060_20181009_20190209,ca_m_4012221_ne_10,2018-10-09T00:00:00,2018,,"[-122.439854, 40.685803, -122.372567, 40.751707]",../data/ca_m_4012221_ne_10_060_20181009_20190209.tif
ca_m_4012204_ne_10_060_20181009_20190209,ca_m_4012204_ne_10,2018-10-09T00:00:00,2018,,"[-122.564757, 40.935859, -122.497693, 41.001635]",../data/ca_m_4012204_ne_10_060_20181009_20190209.tif
ca_m_4012205_nw_10_060_20181009_20190210,ca_m_4012205_nw_10,2018-10-09T00:00:00,2018,,"[-122.502321, 40.93584, -122.435125, 41.001652]",../data/ca_m_4012205_nw_10_060_20181009_20190210.tif
ca_m_4012205_ne_10_060_20181009_20190210,ca_m_4012205_ne_10,2018-10-09T00:00:00,2018,,"[-122.439886, 40.935787, -122.372557, 41.00169]",../data/ca_m_4012205_ne_10_060_20181009_20190210.tif
ca_m_4012222_nw_10_060_20181009_20190209,ca_m_4012222_nw_10,2018-10-09T00:00:00,2018,,"[-122.37744, 40.685771, -122.310021, 40.751765]",../data/ca_m_4012222_nw_10_060_20181009_20190209.tif
ca_m_4012213_se_10_060_20181009_20190210,ca_m_4012213_se_10,2018-10-09T00:00:00,2018,,"[-122.439828, 40.748287, -122.372619, 40.81419]",../data/ca_m_4012213_se_10_060_20181009_20190210.tif
ca_m_4012215_ne_10_060_20181007_20190209,ca_m_4012215_ne_10,2018-10-07T00:00:00,2018,https://naipeuwest.blob.core.windows.net/naip/v002/ca/2018/ca_060cm_2018/40122/m_4012215_ne_10_060_20181007_20190209.tif?st=2025-07-10T08%3A20%3A09Z&se=2025-07-11T09%3A05%3A09Z&sp=rl&sv=2024-05-04&sr=c&skoid=9c8ff44a-6a2c-4dfb-b298-1c9212f64d9a&sktid=72f988bf-86f1-41af-91ab-2d7cd011db47&skt=2025-07-10T16%3A01%3A18Z&ske=2025-07-17T16%3A01%3A18Z&sks=b&skv=2024-05-04&sig=wQ9q3EqDhF/qJoTB2bFLPMrIH4FGseAx2ia3UZGo%2B8E%3D,"[-122.190103, 40.810654, -122.122372, 40.876862]",../data/ca_m_4012215_ne_10_060_20181007_20190209.tif
ca_m_4012216_nw_10_060_20181007_20190209,ca_m_4012216_nw_10,2018-10-07T00:00:00,2018,https://naipeuwest.blob.core.windows.net/naip/v002/ca/2018/ca_060cm_2018/40122/m_4012216_nw_10_060_20181007_20190209.tif?st=2025-07-10T08%3A20%3A09Z&se=2025-07-11T09%3A05%3A09Z&sp=rl&sv=2024-05-04&sr=c&skoid=9c8ff44a-6a2c-4dfb-b298-1c9212f64d9a&sktid=72f988bf-86f1-41af-91ab-2d7cd011db47&skt=2025-07-10T16%3A01%3A18Z&ske=2025-07-17T16%3A01%3A18Z&sks=b&skv=2024-05-04&sig=wQ9q3EqDhF/qJoTB2bFLPMrIH4FGseAx2ia3UZGo%2B8E%3D,"[-122.127643, 40.810594, -122.05978, 40.876892]",../data/ca_m_4012216_nw_10_060_20181007_20190209.tif
ca_m_4012216_sw_10_060_20181007_20190209,ca_m_4012216_sw_10,2018-10-07T00:00:00,2018,https://naipeuwest.blob.core.windows.net/naip/v002/ca/2018/ca_060cm_2018/40122/m_4012216_sw_10_060_20181007_20190209.tif?st=2025-07-10T08%3A20%3A09Z&se=2025-07-11T09%3A05%3A09Z&sp=rl&sv=2024-05-04&sr=c&skoid=9c8ff44a-6a2c-4dfb-b298-1c9212f64d9a&sktid=72f988bf-86f1-41af-91ab-2d7cd011db47&skt=2025-07-10T16%3A01%3A18Z&ske=2025-07-17T16%3A01%3A18Z&sks=b&skv=2024-05-04&sig=wQ9q3EqDhF/qJoTB2bFLPMrIH4FGseAx2ia3UZGo%2B8E%3D,"[-122.127679, 40.748112, -122.05981, 40.814357]",../data/ca_m_4012216_sw_10_060_20181007_20190209.tif
ca_m_4012215_se_10_060_20181007_20190209,ca_m_4012215_se_10,2018-10-07T00:00:00,2018,https://naipeuwest.blob.core.windows.net/naip/v002/ca/2018/ca_060cm_2018/40122/m_4012215_se_10_060_20181007_20190209.tif?st=2025-07-10T08%3A20%3A09Z&se=2025-07-11T09%3A05%3A09Z&sp=rl&sv=2024-05-04&sr=c&skoid=9c8ff44a-6a2c-4dfb-b298-1c9212f64d9a&sktid=72f988bf-86f1-41af-91ab-2d7cd011db47&skt=2025-07-10T16%3A01%3A18Z&ske=2025-07-17T16%3A01%3A18Z&sks=b&skv=2024-05-04&sig=wQ9q3EqDhF/qJoTB2bFLPMrIH4FGseAx2ia3UZGo%2B8E%3D,"[-122.190079, 40.748171, -122.122343, 40.814326]",../data/ca_m_4012215_se_10_060_20181007_20190209.tif
ca_m_4012215_sw_10_060_20181007_20190209,ca_m_4012215_sw_10,2018-10-07T00:00:00,2018,https://naipeuwest.blob.core.windows.net/naip/v002/ca/2018/ca_060cm_2018/40122/m_4012215_sw_10_060_20181007_20190209.tif?st=2025-07-10T08%3A20%3A09Z&se=2025-07-11T09%3A05%3A09Z&sp=rl&sv=2024-05-04&sr=c&skoid=9c8ff44a-6a2c-4dfb-b298-1c9212f64d9a&sktid=72f988bf-86f1-41af-91ab-2d7cd011db47&skt=2025-07-10T16%3A01%3A18Z&ske=2025-07-17T16%3A01%3A18Z&sks=b&skv=2024-05-04&sig=wQ9q3EqDhF/qJoTB2bFLPMrIH4FGseAx2ia3UZGo%2B8E%3D,"[-122.252552, 40.748197, -122.184876, 40.814316]",../data/ca_m_4012215_sw_10_060_20181007_20190209.tif
ca_m_4012215_nw_10_060_20181007_20190209,ca_m_4012215_nw_10,2018-10-07T00:00:00,2018,https://naipeuwest.blob.core.windows.net/naip/v002/ca/2018/ca_060cm_2018/40122/m_4012215_nw_10_060_20181007_20190209.tif?st=2025-07-10T08%3A20%3A09Z&se=2025-07-11T09%3A05%3A09Z&sp=rl&sv=2024-05-04&sr=c&skoid=9c8ff44a-6a2c-4dfb-b298-1c9212f64d9a&sktid=72f988bf-86f1-41af-91ab-2d7cd011db47&skt=2025-07-10T16%3A01%3A18Z&ske=2025-07-17T16%3A01%3A18Z&sks=b&skv=2024-05-04&sig=wQ9q3EqDhF/qJoTB2bFLPMrIH4FGseAx2ia3UZGo%2B8E%3D,"[-122.252562, 40.810679, -122.184893, 40.876798]",../data/ca_m_4012215_nw_10_060_20181007_20190209.tif
ca_m_4012222_ne_10_060_20181007_20190209,ca_m_4012222_ne_10,2018-10-07T00:00:00,2018,https://naipeuwest.blob.core.windows.net/naip/v002/ca/2018/ca_060cm_2018/40122/m_4012222_ne_10_060_20181007_20190209.tif?st=2025-07-10T08%3A20%3A09Z&se=2025-07-11T09%3A05%3A09Z&sp=rl&sv=2024-05-04&sr=c&skoid=9c8ff44a-6a2c-4dfb-b298-1c9212f64d9a&sktid=72f988bf-86f1-41af-91ab-2d7cd011db47&skt=2025-07-10T16%3A01%3A18Z&ske=2025-07-17T16%3A01%3A18Z&sks=b&skv=2024-05-04&sig=wQ9q3EqDhF/qJoTB2bFLPMrIH4FGseAx2ia3UZGo%2B8E%3D,"[-122.314955, 40.685705, -122.247475, 40.751789]",../data/ca_m_4012222_ne_10_060_20181007_20190209.tif
ca_m_4012223_ne_10_060_20181007_20190210,ca_m_4012223_ne_10,2018-10-07T00:00:00,2018,https://naipeuwest.blob.core.windows.net/naip/v002/ca/2018/ca_060cm_2018/40122/m_4012223_ne_10_060_20181007_20190210.tif?st=2025-07-10T08%3A20%3A09Z&se=2025-07-11T09%3A05%3A09Z&sp=rl&sv=2024-05-04&sr=c&skoid=9c8ff44a-6a2c-4dfb-b298-1c9212f64d9a&sktid=72f988bf-86f1-41af-91ab-2d7cd011db47&skt=2025-07-10T16%3A01%3A18Z&ske=2025-07-17T16%3A01%3A18Z&sks=b&skv=2024-05-04&sig=wQ9q3EqDhF/qJoTB2bFLPMrIH4FGseAx2ia3UZGo%2B8E%3D,"[-122.190056, 40.685634, -122.122384, 40.751843]",../data/ca_m_4012223_ne_10_060_20181007_20190210.tif
ca_m_4012214_se_10_060_20181007_20190209,ca_m_4012214_se_10,2018-10-07T00:00:00,2018,https://naipeuwest.blob.core.windows.net/naip/v002/ca/2018/ca_060cm_2018/40122/m_4012214_se_10_060_20181007_20190209.tif?st=2025-07-10T08%3A20%3A09Z&se=2025-07-11T09%3A05%3A09Z&sp=rl&sv=2024-05-04&sr=c&skoid=9c8ff44a-6a2c-4dfb-b298-1c9212f64d9a&sktid=72f988bf-86f1-41af-91ab-2d7cd011db47&skt=2025-07-10T16%3A01%3A18Z&ske=2025-07-17T16%3A01%3A18Z&sks=b&skv=2024-05-04&sig=wQ9q3EqDhF/qJoTB2bFLPMrIH4FGseAx2ia3UZGo%2B8E%3D,"[-122.314953, 40.748243, -122.247481, 40.814272]",../data/ca_m_4012214_se_10_060_20181007_20190209.tif
ca_m_4012214_ne_10_060_20181007_20190209,ca_m_4012214_ne_10,2018-10-07T00:00:00,2018,https://naipeuwest.blob.core.windows.net/naip/v002/ca/2018/ca_060cm_2018/40122/m_4012214_ne_10_060_20181007_20190209.tif?st=2025-07-10T08%3A20%3A09Z&se=2025-07-11T09%3A05%3A09Z&sp=rl&sv=2024-05-04&sr=c&skoid=9c8ff44a-6a2c-4dfb-b298-1c9212f64d9a&sktid=72f988bf-86f1-41af-91ab-2d7cd011db47&skt=2025-07-10T16%3A01%3A18Z&ske=2025-07-17T16%3A01%3A18Z&sks=b&skv=2024-05-04&sig=wQ9q3EqDhF/qJoTB2bFLPMrIH4FGseAx2ia3UZGo%2B8E%3D,"[-122.314951, 40.810725, -122.247486, 40.876754]",../data/ca_m_4012214_ne_10_060_20181007_20190209.tif
ca_m_4012208_sw_10_060_20181007_20190209,ca_m_4012208_sw_10,2018-10-07T00:00:00,2018,https://naipeuwest.blob.core.windows.net/naip/v002/ca/2018/ca_060cm_2018/40122/m_4012208_sw_10_060_20181007_20190209.tif?st=2025-07-10T08%3A20%3A09Z&se=2025-07-11T09%3A05%3A09Z&sp=rl&sv=2024-05-04&sr=c&skoid=9c8ff44a-6a2c-4dfb-b298-1c9212f64d9a&sktid=72f988bf-86f1-41af-91ab-2d7cd011db47&skt=2025-07-10T16%3A01%3A18Z&ske=2025-07-17T16%3A01%3A18Z&sks=b&skv=2024-05-04&sig=wQ9q3EqDhF/qJoTB2bFLPMrIH4FGseAx2ia3UZGo%2B8E%3D,"[-122.127677, 40.87313, -122.05975, 40.939373]",../data/ca_m_4012208_sw_10_060_20181007_20190209.tif
ca_m_4012208_nw_10_060_20181007_20190209,ca_m_4012208_nw_10,2018-10-07T00:00:00,2018,https://naipeuwest.blob.core.windows.net/naip/v002/ca/2018/ca_060cm_2018/40122/m_4012208_nw_10_060_20181007_20190209.tif?st=2025-07-10T08%3A20%3A09Z&se=2025-07-11T09%3A05%3A09Z&sp=rl&sv=2024-05-04&sr=c&skoid=9c8ff44a-6a2c-4dfb-b298-1c9212f64d9a&sktid=72f988bf-86f1-41af-91ab-2d7cd011db47&skt=2025-07-10T16%3A01%3A18Z&ske=2025-07-17T16%3A01%3A18Z&sks=b&skv=2024-05-04&sig=wQ9q3EqDhF/qJoTB2bFLPMrIH4FGseAx2ia3UZGo%2B8E%3D,"[-122.12764, 40.935611, -122.059789, 41.001908]",../data/ca_m_4012208_nw_10_060_20181007_20190209.tif
ca_m_4012207_nw_10_060_20181007_20190210,ca_m_4012207_nw_10,2018-10-07T00:00:00,2018,https://naipeuwest.blob.core.windows.net/naip/v002/ca/2018/ca_060cm_2018/40122/m_4012207_nw_10_060_20181007_20190210.tif?st=2025-07-10T08%3A20%3A09Z&se=2025-07-11T09%3A05%3A09Z&sp=rl&sv=2024-05-04&sr=c&skoid=9c8ff44a-6a2c-4dfb-b298-1c9212f64d9a&sktid=72f988bf-86f1-41af-91ab-2d7cd011db47&skt=2025-07-10T16%3A01%3A18Z&ske=2025-07-17T16%3A01%3A18Z&sks=b&skv=2024-05-04&sig=wQ9q3EqDhF/qJoTB2bFLPMrIH4FGseAx2ia3UZGo%2B8E%3D,"[-122.252509, 40.935697, -122.184925, 41.001814]",../data/ca_m_4012207_nw_10_060_20181007_20190210.tif
ca_m_4012207_sw_10_060_20181007_20190210,ca_m_4012207_sw_10,2018-10-07T00:00:00,2018,https://naipeuwest.blob.core.windows.net/naip/v002/ca/2018/ca_060cm_2018/40122/m_4012207_sw_10_060_20181007_20190210.tif?st=2025-07-10T08%3A20%3A09Z&se=2025-07-11T09%3A05%3A09Z&sp=rl&sv=2024-05-04&sr=c&skoid=9c8ff44a-6a2c-4dfb-b298-1c9212f64d9a&sktid=72f988bf-86f1-41af-91ab-2d7cd011db47&skt=2025-07-10T16%3A01%3A18Z&ske=2025-07-17T16%3A01%3A18Z&sks=b&skv=2024-05-04&sig=wQ9q3EqDhF/qJoTB2bFLPMrIH4FGseAx2ia3UZGo%2B8E%3D,"[-122.252572, 40.873161, -122.184909, 40.939334]",../data/ca_m_4012207_sw_10_060_20181007_20190210.tif
ca_m_4012207_ne_10_060_20181007_20190210,ca_m_4012207_ne_10,2018-10-07T00:00:00,2018,https://naipeuwest.blob.core.windows.net/naip/v002/ca/2018/ca_060cm_2018/40122/m_4012207_ne_10_060_20181007_20190210.tif?st=2025-07-10T08%3A20%3A09Z&se=2025-07-11T09%3A05%3A09Z&sp=rl&sv=2024-05-04&sr=c&skoid=9c8ff44a-6a2c-4dfb-b298-1c9212f64d9a&sktid=72f988bf-86f1-41af-91ab-2d7cd011db47&skt=2025-07-10T16%3A01%3A18Z&ske=2025-07-17T16%3A01%3A18Z&sks=b&skv=2024-05-04&sig=wQ9q3EqDhF/qJoTB2bFLPMrIH4FGseAx2ia3UZGo%2B8E%3D,"[-122.190074, 40.935671, -122.122357, 41.001824]",../data/ca_m_4012207_ne_10_060_20181007_20190210.tif
ca_m_4012207_se_10_060_20181007_20190210,ca_m_4012207_se_10,2018-10-07T00:00:00,2018,https://naipeuwest.blob.core.windows.net/naip/v002/ca/2018/ca_060cm_2018/40122/m_4012207_se_10_060_20181007_20190210.tif?st=2025-07-10T08%3A20%3A09Z&se=2025-07-11T09%3A05%3A09Z&sp=rl&sv=2024-05-04&sr=c&skoid=9c8ff44a-6a2c-4dfb-b298-1c9212f64d9a&sktid=72f988bf-86f1-41af-91ab-2d7cd011db47&skt=2025-07-10T16%3A01%3A18Z&ske=2025-07-17T16%3A01%3A18Z&sks=b&skv=2024-05-04&sig=wQ9q3EqDhF/qJoTB2bFLPMrIH4FGseAx2ia3UZGo%2B8E%3D,"[-122.190125, 40.873135, -122.12233, 40.939343]",../data/ca_m_4012207_se_10_060_20181007_20190210.tif
ca_m_4012206_se_10_060_20181007_20190210,ca_m_4012206_se_10,2018-10-07T00:00:00,2018,https://naipeuwest.blob.core.windows.net/naip/v002/ca/2018/ca_060cm_2018/40122/m_4012206_se_10_060_20181007_20190210.tif?st=2025-07-10T08%3A20%3A09Z&se=2025-07-11T09%3A05%3A09Z&sp=rl&sv=2024-05-04&sr=c&skoid=9c8ff44a-6a2c-4dfb-b298-1c9212f64d9a&sktid=72f988bf-86f1-41af-91ab-2d7cd011db47&skt=2025-07-10T16%3A01%3A18Z&ske=2025-07-17T16%3A01%3A18Z&sks=b&skv=2024-05-04&sig=wQ9q3EqDhF/qJoTB2bFLPMrIH4FGseAx2ia3UZGo%2B8E%3D,"[-122.314948, 40.873207, -122.247489, 40.939289]",../data/ca_m_4012206_se_10_060_20181007_20190210.tif
ca_m_4012206_ne_10_060_20181007_20190210,ca_m_4012206_ne_10,2018-10-07T00:00:00,2018,https://naipeuwest.blob.core.windows.net/naip/v002/ca/2018/ca_060cm_2018/40122/m_4012206_ne_10_060_20181007_20190210.tif?st=2025-07-10T08%3A20%3A09Z&se=2025-07-11T09%3A05%3A09Z&sp=rl&sv=2024-05-04&sr=c&skoid=9c8ff44a-6a2c-4dfb-b298-1c9212f64d9a&sktid=72f988bf-86f1-41af-91ab-2d7cd011db47&skt=2025-07-10T16%3A01%3A18Z&ske=2025-07-17T16%3A01%3A18Z&sks=b&skv=2024-05-04&sig=wQ9q3EqDhF/qJoTB2bFLPMrIH4FGseAx2ia3UZGo%2B8E%3D,"[-122.315015, 40.935743, -122.247492, 41.001771]",../data/ca_m_4012206_ne_10_060_20181007_20190210.tif
ca_m_4112260_se_10_060_20180720_20190209,ca_m_4112260_se_10,2018-07-20T00:00:00,2018,https://naipeuwest.blob.core.windows.net/naip/v002/ca/2018/ca_060cm_2018/41122/m_4112260_se_10_060_20180720_20190209.tif?st=2025-07-10T08%3A20%3A09Z&se=2025-07-11T09%3A05%3A09Z&sp=rl&sv=2024-05-04&sr=c&skoid=9c8ff44a-6a2c-4dfb-b298-1c9212f64d9a&sktid=72f988bf-86f1-41af-91ab-2d7cd011db47&skt=2025-07-10T16%3A01%3A18Z&ske=2025-07-17T16%3A01%3A18Z&sks=b&skv=2024-05-04&sig=wQ9q3EqDhF/qJoTB2bFLPMrIH4FGseAx2ia3UZGo%2B8E%3D,"[-122.564774, 40.99834, -122.497718, 41.064116]",../data/ca_m_4112260_se_10_060_20180720_20190209.tif
ca_m_4012221_nw_10_060_20180720_20190209,ca_m_4012221_nw_10,2018-07-20T00:00:00,2018,https://naipeuwest.blob.core.windows.net/naip/v002/ca/2018/ca_060cm_2018/40122/m_4012221_nw_10_060_20180720_20190209.tif?st=2025-07-10T08%3A20%3A09Z&se=2025-07-11T09%3A05%3A09Z&sp=rl&sv=2024-05-04&sr=c&skoid=9c8ff44a-6a2c-4dfb-b298-1c9212f64d9a&sktid=72f988bf-86f1-41af-91ab-2d7cd011db47&skt=2025-07-10T16%3A01%3A18Z&ske=2025-07-17T16%3A01%3A18Z&sks=b&skv=2024-05-04&sig=wQ9q3EqDhF/qJoTB2bFLPMrIH4FGseAx2ia3UZGo%2B8E%3D,"[-122.502269, 40.685801, -122.435185, 40.75167]",../data/ca_m_4012221_nw_10_060_20180720_20190209.tif
ca_m_4012220_ne_10_060_20180720_20190209,ca_m_4012220_ne_10,2018-07-20T00:00:00,2018,https://naipeuwest.blob.core.windows.net/naip/v002/ca/2018/ca_060cm_2018/40122/m_4012220_ne_10_060_20180720_20190209.tif?st=2025-07-10T08%3A20%3A09Z&se=2025-07-11T09%3A05%3A09Z&sp=rl&sv=2024-05-04&sr=c&skoid=9c8ff44a-6a2c-4dfb-b298-1c9212f64d9a&sktid=72f988bf-86f1-41af-91ab-2d7cd011db47&skt=2025-07-10T16%3A01%3A18Z&ske=2025-07-17T16%3A01%3A18Z&sks=b&skv=2024-05-04&sig=wQ9q3EqDhF/qJoTB2bFLPMrIH4FGseAx2ia3UZGo%2B8E%3D,"[-122.564754, 40.685873, -122.497731, 40.751652]",../data/ca_m_4012220_ne_10_060_20180720_20190209.tif
ca_m_4012212_se_10_060_20180720_20190210,ca_m_4012212_se_10,2018-07-20T00:00:00,2018,https://naipeuwest.blob.core.windows.net/naip/v002/ca/2018/ca_060cm_2018/40122/m_4012212_se_10_060_20180720_20190210.tif?st=2025-07-10T08%3A20%3A09Z&se=2025-07-11T09%3A05%3A09Z&sp=rl&sv=2024-05-04&sr=c&skoid=9c8ff44a-6a2c-4dfb-b298-1c9212f64d9a&sktid=72f988bf-86f1-41af-91ab-2d7cd011db47&skt=2025-07-10T16%3A01%3A18Z&ske=2025-07-17T16%3A01%3A18Z&sks=b&skv=2024-05-04&sig=wQ9q3EqDhF/qJoTB2bFLPMrIH4FGseAx2ia3UZGo%2B8E%3D,"[-122.564702, 40.748357, -122.497687, 40.814135]",../data/ca_m_4012212_se_10_060_20180720_20190210.tif
ca_m_4112264_sw_10_.6_20160811_20161004,ca_m_4112264_sw_10,2016-08-11T00:00:00,2016,https://naipeuwest.blob.core.windows.net/naip/v002/ca/2016/ca_060cm_2016/41122/m_4112264_sw_10_h_20160811.tif?st=2025-07-10T08%3A20%3A09Z&se=2025-07-11T09%3A05%3A09Z&sp=rl&sv=2024-05-04&sr=c&skoid=9c8ff44a-6a2c-4dfb-b298-1c9212f64d9a&sktid=72f988bf-86f1-41af-91ab-2d7cd011db47&skt=2025-07-10T16%3A01%3A18Z&ske=2025-07-17T16%3A01%3A18Z&sks=b&skv=2024-05-04&sig=wQ9q3EqDhF/qJoTB2bFLPMrIH4FGseAx2ia3UZGo%2B8E%3D,"[-122.127673, 40.998091, -122.059757, 41.064388]",../data/ca_m_4112264_sw_10_.6_20160811_20161004.tif
ca_m_4112263_sw_10_.6_20160717_20161018,ca_m_4112263_sw_10,2016-07-17T00:00:00,2016,https://naipeuwest.blob.core.windows.net/naip/v002/ca/2016/ca_060cm_2016/41122/m_4112263_sw_10_h_20160717.tif?st=2025-07-10T08%3A20%3A09Z&se=2025-07-11T09%3A05%3A09Z&sp=rl&sv=2024-05-04&sr=c&skoid=9c8ff44a-6a2c-4dfb-b298-1c9212f64d9a&sktid=72f988bf-86f1-41af-91ab-2d7cd011db47&skt=2025-07-10T16%3A01%3A18Z&ske=2025-07-17T16%3A01%3A18Z&sks=b&skv=2024-05-04&sig=wQ9q3EqDhF/qJoTB2bFLPMrIH4FGseAx2ia3UZGo%2B8E%3D,"[-122.252517, 40.998177, -122.184868, 41.064294]",../data/ca_m_4112263_sw_10_.6_20160717_20161018.tif
ca_m_4112263_se_10_.6_20160717_20161004,ca_m_4112263_se_10,2016-07-17T00:00:00,2016,https://naipeuwest.blob.core.windows.net/naip/v002/ca/2016/ca_060cm_2016/41122/m_4112263_se_10_h_20160717.tif?st=2025-07-10T08%3A20%3A09Z&se=2025-07-11T09%3A05%3A09Z&sp=rl&sv=2024-05-04&sr=c&skoid=9c8ff44a-6a2c-4dfb-b298-1c9212f64d9a&sktid=72f988bf-86f1-41af-91ab-2d7cd011db47&skt=2025-07-10T16%3A01%3A18Z&ske=2025-07-17T16%3A01%3A18Z&sks=b&skv=2024-05-04&sig=wQ9q3EqDhF/qJoTB2bFLPMrIH4FGseAx2ia3UZGo%2B8E%3D,"[-122.190095, 40.998151, -122.122312, 41.064358]",../data/ca_m_4112263_se_10_.6_20160717_20161004.tif
ca_m_4112262_se_10_.6_20160717_20161018,ca_m_4112262_se_10,2016-07-17T00:00:00,2016,https://naipeuwest.blob.core.windows.net/naip/v002/ca/2016/ca_060cm_2016/41122/m_4112262_se_10_h_20160717.tif?st=2025-07-10T08%3A20%3A09Z&se=2025-07-11T09%3A05%3A09Z&sp=rl&sv=2024-05-04&sr=c&skoid=9c8ff44a-6a2c-4dfb-b298-1c9212f64d9a&sktid=72f988bf-86f1-41af-91ab-2d7cd011db47&skt=2025-07-10T16%3A01%3A18Z&ske=2025-07-17T16%3A01%3A18Z&sks=b&skv=2024-05-04&sig=wQ9q3EqDhF/qJoTB2bFLPMrIH4FGseAx2ia3UZGo%2B8E%3D,"[-122.315011, 40.998223, -122.247423, 41.064305]",../data/ca_m_4112262_se_10_.6_20160717_20161018.tif
ca_m_4112262_sw_10_.6_20160717_20161004,ca_m_4112262_sw_10,2016-07-17T00:00:00,2016,https://naipeuwest.blob.core.windows.net/naip/v002/ca/2016/ca_060cm_2016/41122/m_4112262_sw_10_h_20160717.tif?st=2025-07-10T08%3A20%3A09Z&se=2025-07-11T09%3A05%3A09Z&sp=rl&sv=2024-05-04&sr=c&skoid=9c8ff44a-6a2c-4dfb-b298-1c9212f64d9a&sktid=72f988bf-86f1-41af-91ab-2d7cd011db47&skt=2025-07-10T16%3A01%3A18Z&ske=2025-07-17T16%3A01%3A18Z&sks=b&skv=2024-05-04&sig=wQ9q3EqDhF/qJoTB2bFLPMrIH4FGseAx2ia3UZGo%2B8E%3D,"[-122.377434, 40.998236, -122.31005, 41.064227]",../data/ca_m_4112262_sw_10_.6_20160717_20161004.tif
ca_m_4012224_nw_10_.6_20160717_20161004,ca_m_4012224_nw_10,2016-07-17T00:00:00,2016,https://naipeuwest.blob.core.windows.net/naip/v002/ca/2016/ca_060cm_2016/40122/m_4012224_nw_10_h_20160717.tif?st=2025-07-10T08%3A20%3A09Z&se=2025-07-11T09%3A05%3A09Z&sp=rl&sv=2024-05-04&sr=c&skoid=9c8ff44a-6a2c-4dfb-b298-1c9212f64d9a&sktid=72f988bf-86f1-41af-91ab-2d7cd011db47&skt=2025-07-10T16%3A01%3A18Z&ske=2025-07-17T16%3A01%3A18Z&sks=b&skv=2024-05-04&sig=wQ9q3EqDhF/qJoTB2bFLPMrIH4FGseAx2ia3UZGo%2B8E%3D,"[-122.127642, 40.685629, -122.059767, 40.751874]",../data/ca_m_4012224_nw_10_.6_20160717_20161004.tif
ca_m_4012222_nw_10_.6_20160717_20161004,ca_m_4012222_nw_10,2016-07-17T00:00:00,2016,https://naipeuwest.blob.core.windows.net/naip/v002/ca/2016/ca_060cm_2016/40122/m_4012222_nw_10_h_20160717.tif?st=2025-07-10T08%3A20%3A09Z&se=2025-07-11T09%3A05%3A09Z&sp=rl&sv=2024-05-04&sr=c&skoid=9c8ff44a-6a2c-4dfb-b298-1c9212f64d9a&sktid=72f988bf-86f1-41af-91ab-2d7cd011db47&skt=2025-07-10T16%3A01%3A18Z&ske=2025-07-17T16%3A01%3A18Z&sks=b&skv=2024-05-04&sig=wQ9q3EqDhF/qJoTB2bFLPMrIH4FGseAx2ia3UZGo%2B8E%3D,"[-122.37744, 40.685771, -122.310021, 40.751765]",../data/ca_m_4012222_nw_10_.6_20160717_20161004.tif
ca_m_4012223_nw_10_.6_20160717_20161004,ca_m_4012223_nw_10,2016-07-17T00:00:00,2016,https://naipeuwest.blob.core.windows.net/naip/v002/ca/2016/ca_060cm_2016/40122/m_4012223_nw_10_h_20160717.tif?st=2025-07-10T08%3A20%3A09Z&se=2025-07-11T09%3A05%3A09Z&sp=rl&sv=2024-05-04&sr=c&skoid=9c8ff44a-6a2c-4dfb-b298-1c9212f64d9a&sktid=72f988bf-86f1-41af-91ab-2d7cd011db47&skt=2025-07-10T16%3A01%3A18Z&ske=2025-07-17T16%3A01%3A18Z&sks=b&skv=2024-05-04&sig=wQ9q3EqDhF/qJoTB2bFLPMrIH4FGseAx2ia3UZGo%2B8E%3D,"[-122.252541, 40.68566, -122.184929, 40.751833]",../data/ca_m_4012223_nw_10_.6_20160717_20161004.tif
ca_m_4012223_ne_10_.6_20160717_20161004,ca_m_4012223_ne_10,2016-07-17T00:00:00,2016,https://naipeuwest.blob.core.windows.net/naip/v002/ca/2016/ca_060cm_2016/40122/m_4012223_ne_10_h_20160717.tif?st=2025-07-10T08%3A20%3A09Z&se=2025-07-11T09%3A05%3A09Z&sp=rl&sv=2024-05-04&sr=c&skoid=9c8ff44a-6a2c-4dfb-b298-1c9212f64d9a&sktid=72f988bf-86f1-41af-91ab-2d7cd011db47&skt=2025-07-10T16%3A01%3A18Z&ske=2025-07-17T16%3A01%3A18Z&sks=b&skv=2024-05-04&sig=wQ9q3EqDhF/qJoTB2bFLPMrIH4FGseAx2ia3UZGo%2B8E%3D,"[-122.190056, 40.685634, -122.122384, 40.751843]",../data/ca_m_4012223_ne_10_.6_20160717_20161004.tif
ca_m_4012222_ne_10_.6_20160717_20161004,ca_m_4012222_ne_10,2016-07-17T00:00:00,2016,https://naipeuwest.blob.core.windows.net/naip/v002/ca/2016/ca_060cm_2016/40122/m_4012222_ne_10_h_20160717.tif?st=2025-07-10T08%3A20%3A09Z&se=2025-07-11T09%3A05%3A09Z&sp=rl&sv=2024-05-04&sr=c&skoid=9c8ff44a-6a2c-4dfb-b298-1c9212f64d9a&sktid=72f988bf-86f1-41af-91ab-2d7cd011db47&skt=2025-07-10T16%3A01%3A18Z&ske=2025-07-17T16%3A01%3A18Z&sks=b&skv=2024-05-04&sig=wQ9q3EqDhF/qJoTB2bFLPMrIH4FGseAx2ia3UZGo%2B8E%3D,"[-122.314955, 40.685705, -122.247475, 40.751789]",../data/ca_m_4012222_ne_10_.6_20160717_20161004.tif
ca_m_4012215_sw_10_.6_20160717_20161004,ca_m_4012215_sw_10,2016-07-17T00:00:00,2016,https://naipeuwest.blob.core.windows.net/naip/v002/ca/2016/ca_060cm_2016/40122/m_4012215_sw_10_h_20160717.tif?st=2025-07-10T08%3A20%3A09Z&se=2025-07-11T09%3A05%3A09Z&sp=rl&sv=2024-05-04&sr=c&skoid=9c8ff44a-6a2c-4dfb-b298-1c9212f64d9a&sktid=72f988bf-86f1-41af-91ab-2d7cd011db47&skt=2025-07-10T16%3A01%3A18Z&ske=2025-07-17T16%3A01%3A18Z&sks=b&skv=2024-05-04&sig=wQ9q3EqDhF/qJoTB2bFLPMrIH4FGseAx2ia3UZGo%2B8E%3D,"[-122.252552, 40.748197, -122.184876, 40.814316]",../data/ca_m_4012215_sw_10_.6_20160717_20161004.tif
ca_m_4012216_sw_10_.6_20160717_20161004,ca_m_4012216_sw_10,2016-07-17T00:00:00,2016,https://naipeuwest.blob.core.windows.net/naip/v002/ca/2016/ca_060cm_2016/40122/m_4012216_sw_10_h_20160717.tif?st=2025-07-10T08%3A20%3A09Z&se=2025-07-11T09%3A05%3A09Z&sp=rl&sv=2024-05-04&sr=c&skoid=9c8ff44a-6a2c-4dfb-b298-1c9212f64d9a&sktid=72f988bf-86f1-41af-91ab-2d7cd011db47&skt=2025-07-10T16%3A01%3A18Z&ske=2025-07-17T16%3A01%3A18Z&sks=b&skv=2024-05-04&sig=wQ9q3EqDhF/qJoTB2bFLPMrIH4FGseAx2ia3UZGo%2B8E%3D,"[-122.127679, 40.748112, -122.05981, 40.814357]",../data/ca_m_4012216_sw_10_.6_20160717_20161004.tif
ca_m_4012216_nw_10_.6_20160717_20161004,ca_m_4012216_nw_10,2016-07-17T00:00:00,2016,https://naipeuwest.blob.core.windows.net/naip/v002/ca/2016/ca_060cm_2016/40122/m_4012216_nw_10_h_20160717.tif?st=2025-07-10T08%3A20%3A09Z&se=2025-07-11T09%3A05%3A09Z&sp=rl&sv=2024-05-04&sr=c&skoid=9c8ff44a-6a2c-4dfb-b298-1c9212f64d9a&sktid=72f988bf-86f1-41af-91ab-2d7cd011db47&skt=2025-07-10T16%3A01%3A18Z&ske=2025-07-17T16%3A01%3A18Z&sks=b&skv=2024-05-04&sig=wQ9q3EqDhF/qJoTB2bFLPMrIH4FGseAx2ia3UZGo%2B8E%3D,"[-122.127643, 40.810594, -122.05978, 40.876892]",../data/ca_m_4012216_nw_10_.6_20160717_20161004.tif
ca_m_4012215_se_10_.6_20160717_20161004,ca_m_4012215_se_10,2016-07-17T00:00:00,2016,https://naipeuwest.blob.core.windows.net/naip/v002/ca/2016/ca_060cm_2016/40122/m_4012215_se_10_h_20160717.tif?st=2025-07-10T08%3A20%3A09Z&se=2025-07-11T09%3A05%3A09Z&sp=rl&sv=2024-05-04&sr=c&skoid=9c8ff44a-6a2c-4dfb-b298-1c9212f64d9a&sktid=72f988bf-86f1-41af-91ab-2d7cd011db47&skt=2025-07-10T16%3A01%3A18Z&ske=2025-07-17T16%3A01%3A18Z&sks=b&skv=2024-05-04&sig=wQ9q3EqDhF/qJoTB2bFLPMrIH4FGseAx2ia3UZGo%2B8E%3D,"[-122.190079, 40.748171, -122.122343, 40.814326]",../data/ca_m_4012215_se_10_.6_20160717_20161004.tif
ca_m_4012214_sw_10_.6_20160717_20161004,ca_m_4012214_sw_10,2016-07-17T00:00:00,2016,https://naipeuwest.blob.core.windows.net/naip/v002/ca/2016/ca_060cm_2016/40122/m_4012214_sw_10_h_20160717.tif?st=2025-07-10T08%3A20%3A09Z&se=2025-07-11T09%3A05%3A09Z&sp=rl&sv=2024-05-04&sr=c&skoid=9c8ff44a-6a2c-4dfb-b298-1c9212f64d9a&sktid=72f988bf-86f1-41af-91ab-2d7cd011db47&skt=2025-07-10T16%3A01%3A18Z&ske=2025-07-17T16%3A01%3A18Z&sks=b&skv=2024-05-04&sig=wQ9q3EqDhF/qJoTB2bFLPMrIH4FGseAx2ia3UZGo%2B8E%3D,"[-122.377426, 40.748254, -122.310014, 40.814248]",../data/ca_m_4012214_sw_10_.6_20160717_20161004.tif
ca_m_4012215_nw_10_.6_20160717_20161004,ca_m_4012215_nw_10,2016-07-17T00:00:00,2016,https://naipeuwest.blob.core.windows.net/naip/v002/ca/2016/ca_060cm_2016/40122/m_4012215_nw_10_h_20160717.tif?st=2025-07-10T08%3A20%3A09Z&se=2025-07-11T09%3A05%3A09Z&sp=rl&sv=2024-05-04&sr=c&skoid=9c8ff44a-6a2c-4dfb-b298-1c9212f64d9a&sktid=72f988bf-86f1-41af-91ab-2d7cd011db47&skt=2025-07-10T16%3A01%3A18Z&ske=2025-07-17T16%3A01%3A18Z&sks=b&skv=2024-05-04&sig=wQ9q3EqDhF/qJoTB2bFLPMrIH4FGseAx2ia3UZGo%2B8E%3D,"[-122.252562, 40.810679, -122.184893, 40.876798]",../data/ca_m_4012215_nw_10_.6_20160717_20161004.tif
ca_m_4012214_se_10_.6_20160717_20161004,ca_m_4012214_se_10,2016-07-17T00:00:00,2016,https://naipeuwest.blob.core.windows.net/naip/v002/ca/2016/ca_060cm_2016/40122/m_4012214_se_10_h_20160717.tif?st=2025-07-10T08%3A20%3A09Z&se=2025-07-11T09%3A05%3A09Z&sp=rl&sv=2024-05-04&sr=c&skoid=9c8ff44a-6a2c-4dfb-b298-1c9212f64d9a&sktid=72f988bf-86f1-41af-91ab-2d7cd011db47&skt=2025-07-10T16%3A01%3A18Z&ske=2025-07-17T16%3A01%3A18Z&sks=b&skv=2024-05-04&sig=wQ9q3EqDhF/qJoTB2bFLPMrIH4FGseAx2ia3UZGo%2B8E%3D,"[-122.314953, 40.748243, -122.247481, 40.814272]",../data/ca_m_4012214_se_10_.6_20160717_20161004.tif
ca_m_4012215_ne_10_.6_20160717_20161004,ca_m_4012215_ne_10,2016-07-17T00:00:00,2016,https://naipeuwest.blob.core.windows.net/naip/v002/ca/2016/ca_060cm_2016/40122/m_4012215_ne_10_h_20160717.tif?st=2025-07-10T08%3A20%3A09Z&se=2025-07-11T09%3A05%3A09Z&sp=rl&sv=2024-05-04&sr=c&skoid=9c8ff44a-6a2c-4dfb-b298-1c9212f64d9a&sktid=72f988bf-86f1-41af-91ab-2d7cd011db47&skt=2025-07-10T16%3A01%3A18Z&ske=2025-07-17T16%3A01%3A18Z&sks=b&skv=2024-05-04&sig=wQ9q3EqDhF/qJoTB2bFLPMrIH4FGseAx2ia3UZGo%2B8E%3D,"[-122.190103, 40.810654, -122.122372, 40.876862]",../data/ca_m_4012215_ne_10_.6_20160717_20161004.tif
ca_m_4012214_ne_10_.6_20160717_20161004,ca_m_4012214_ne_10,2016-07-17T00:00:00,2016,https://naipeuwest.blob.core.windows.net/naip/v002/ca/2016/ca_060cm_2016/40122/m_4012214_ne_10_h_20160717.tif?st=2025-07-10T08%3A20%3A09Z&se=2025-07-11T09%3A05%3A09Z&sp=rl&sv=2024-05-04&sr=c&skoid=9c8ff44a-6a2c-4dfb-b298-1c9212f64d9a&sktid=72f988bf-86f1-41af-91ab-2d7cd011db47&skt=2025-07-10T16%3A01%3A18Z&ske=2025-07-17T16%3A01%3A18Z&sks=b&skv=2024-05-04&sig=wQ9q3EqDhF/qJoTB2bFLPMrIH4FGseAx2ia3UZGo%2B8E%3D,"[-122.314951, 40.810725, -122.247486, 40.876754]",../data/ca_m_4012214_ne_10_.6_20160717_20161004.tif
ca_m_4012214_nw_10_.6_20160717_20161004,ca_m_4012214_nw_10,2016-07-17T00:00:00,2016,https://naipeuwest.blob.core.windows.net/naip/v002/ca/2016/ca_060cm_2016/40122/m_4012214_nw_10_h_20160717.tif?st=2025-07-10T08%3A20%3A09Z&se=2025-07-11T09%3A05%3A09Z&sp=rl&sv=2024-05-04&sr=c&skoid=9c8ff44a-6a2c-4dfb-b298-1c9212f64d9a&sktid=72f988bf-86f1-41af-91ab-2d7cd011db47&skt=2025-07-10T16%3A01%3A18Z&ske=2025-07-17T16%3A01%3A18Z&sks=b&skv=2024-05-04&sig=wQ9q3EqDhF/qJoTB2bFLPMrIH4FGseAx2ia3UZGo%2B8E%3D,"[-122.377411, 40.810737, -122.310007, 40.87673]",../data/ca_m_4012214_nw_10_.6_20160717_20161004.tif
ca_m_4012208_sw_10_.6_20160717_20161004,ca_m_4012208_sw_10,2016-07-17T00:00:00,2016,https://naipeuwest.blob.core.windows.net/naip/v002/ca/2016/ca_060cm_2016/40122/m_4012208_sw_10_h_20160717.tif?st=2025-07-10T08%3A20%3A09Z&se=2025-07-11T09%3A05%3A09Z&sp=rl&sv=2024-05-04&sr=c&skoid=9c8ff44a-6a2c-4dfb-b298-1c9212f64d9a&sktid=72f988bf-86f1-41af-91ab-2d7cd011db47&skt=2025-07-10T16%3A01%3A18Z&ske=2025-07-17T16%3A01%3A18Z&sks=b&skv=2024-05-04&sig=wQ9q3EqDhF/qJoTB2bFLPMrIH4FGseAx2ia3UZGo%2B8E%3D,"[-122.127677, 40.87313, -122.05975, 40.939373]",../data/ca_m_4012208_sw_10_.6_20160717_20161004.tif
ca_m_4012208_nw_10_.6_20160717_20161004,ca_m_4012208_nw_10,2016-07-17T00:00:00,2016,https://naipeuwest.blob.core.windows.net/naip/v002/ca/2016/ca_060cm_2016/40122/m_4012208_nw_10_h_20160717.tif?st=2025-07-10T08%3A20%3A09Z&se=2025-07-11T09%3A05%3A09Z&sp=rl&sv=2024-05-04&sr=c&skoid=9c8ff44a-6a2c-4dfb-b298-1c9212f64d9a&sktid=72f988bf-86f1-41af-91ab-2d7cd011db47&skt=2025-07-10T16%3A01%3A18Z&ske=2025-07-17T16%3A01%3A18Z&sks=b&skv=2024-05-04&sig=wQ9q3EqDhF/qJoTB2bFLPMrIH4FGseAx2ia3UZGo%2B8E%3D,"[-122.12764, 40.935611, -122.059789, 41.001908]",../data/ca_m_4012208_nw_10_.6_20160717_20161004.tif
ca_m_4012207_nw_10_.6_20160717_20161004,ca_m_4012207_nw_10,2016-07-17T00:00:00,2016,https://naipeuwest.blob.core.windows.net/naip/v002/ca/2016/ca_060cm_2016/40122/m_4012207_nw_10_h_20160717.tif?st=2025-07-10T08%3A20%3A09Z&se=2025-07-11T09%3A05%3A09Z&sp=rl&sv=2024-05-04&sr=c&skoid=9c8ff44a-6a2c-4dfb-b298-1c9212f64d9a&sktid=72f988bf-86f1-41af-91ab-2d7cd011db47&skt=2025-07-10T16%3A01%3A18Z&ske=2025-07-17T16%3A01%3A18Z&sks=b&skv=2024-05-04&sig=wQ9q3EqDhF/qJoTB2bFLPMrIH4FGseAx2ia3UZGo%2B8E%3D,"[-122.252509, 40.935697, -122.184925, 41.001814]",../data/ca_m_4012207_nw_10_.6_20160717_20161004.tif
ca_m_4012207_sw_10_.6_20160717_20161004,ca_m_4012207_sw_10,2016-07-17T00:00:00,2016,https://naipeuwest.blob.core.windows.net/naip/v002/ca/2016/ca_060cm_2016/40122/m_4012207_sw_10_h_20160717.tif?st=2025-07-10T08%3A20%3A09Z&se=2025-07-11T09%3A05%3A09Z&sp=rl&sv=2024-05-04&sr=c&skoid=9c8ff44a-6a2c-4dfb-b298-1c9212f64d9a&sktid=72f988bf-86f1-41af-91ab-2d7cd011db47&skt=2025-07-10T16%3A01%3A18Z&ske=2025-07-17T16%3A01%3A18Z&sks=b&skv=2024-05-04&sig=wQ9q3EqDhF/qJoTB2bFLPMrIH4FGseAx2ia3UZGo%2B8E%3D,"[-122.252572, 40.873161, -122.184909, 40.939334]",../data/ca_m_4012207_sw_10_.6_20160717_20161004.tif
ca_m_4012207_ne_10_.6_20160717_20161004,ca_m_4012207_ne_10,2016-07-17T00:00:00,2016,https://naipeuwest.blob.core.windows.net/naip/v002/ca/2016/ca_060cm_2016/40122/m_4012207_ne_10_h_20160717.tif?st=2025-07-10T08%3A20%3A09Z&se=2025-07-11T09%3A05%3A09Z&sp=rl&sv=2024-05-04&sr=c&skoid=9c8ff44a-6a2c-4dfb-b298-1c9212f64d9a&sktid=72f988bf-86f1-41af-91ab-2d7cd011db47&skt=2025-07-10T16%3A01%3A18Z&ske=2025-07-17T16%3A01%3A18Z&sks=b&skv=2024-05-04&sig=wQ9q3EqDhF/qJoTB2bFLPMrIH4FGseAx2ia3UZGo%2B8E%3D,"[-122.190074, 40.935671, -122.122357, 41.001824]",../data/ca_m_4012207_ne_10_.6_20160717_20161004.tif
ca_m_4012207_se_10_.6_20160717_20161004,ca_m_4012207_se_10,2016-07-17T00:00:00,2016,https://naipeuwest.blob.core.windows.net/naip/v002/ca/2016/ca_060cm_2016/40122/m_4012207_se_10_h_20160717.tif?st=2025-07-10T08%3A20%3A09Z&se=2025-07-11T09%3A05%3A09Z&sp=rl&sv=2024-05-04&sr=c&skoid=9c8ff44a-6a2c-4dfb-b298-1c9212f64d9a&sktid=72f988bf-86f1-41af-91ab-2d7cd011db47&skt=2025-07-10T16%3A01%3A18Z&ske=2025-07-17T16%3A01%3A18Z&sks=b&skv=2024-05-04&sig=wQ9q3EqDhF/qJoTB2bFLPMrIH4FGseAx2ia3UZGo%2B8E%3D,"[-122.190125, 40.873135, -122.12233, 40.939343]",../data/ca_m_4012207_se_10_.6_20160717_20161004.tif
ca_m_4012206_sw_10_.6_20160717_20161004,ca_m_4012206_sw_10,2016-07-17T00:00:00,2016,https://naipeuwest.blob.core.windows.net/naip/v002/ca/2016/ca_060cm_2016/40122/m_4012206_sw_10_h_20160717.tif?st=2025-07-10T08%3A20%3A09Z&se=2025-07-11T09%3A05%3A09Z&sp=rl&sv=2024-05-04&sr=c&skoid=9c8ff44a-6a2c-4dfb-b298-1c9212f64d9a&sktid=72f988bf-86f1-41af-91ab-2d7cd011db47&skt=2025-07-10T16%3A01%3A18Z&ske=2025-07-17T16%3A01%3A18Z&sks=b&skv=2024-05-04&sig=wQ9q3EqDhF/qJoTB2bFLPMrIH4FGseAx2ia3UZGo%2B8E%3D,"[-122.377396, 40.873273, -122.309998, 40.939266]",../data/ca_m_4012206_sw_10_.6_20160717_20161004.tif
ca_m_4012206_se_10_.6_20160717_20161004,ca_m_4012206_se_10,2016-07-17T00:00:00,2016,https://naipeuwest.blob.core.windows.net/naip/v002/ca/2016/ca_060cm_2016/40122/m_4012206_se_10_h_20160717.tif?st=2025-07-10T08%3A20%3A09Z&se=2025-07-11T09%3A05%3A09Z&sp=rl&sv=2024-05-04&sr=c&skoid=9c8ff44a-6a2c-4dfb-b298-1c9212f64d9a&sktid=72f988bf-86f1-41af-91ab-2d7cd011db47&skt=2025-07-10T16%3A01%3A18Z&ske=2025-07-17T16%3A01%3A18Z&sks=b&skv=2024-05-04&sig=wQ9q3EqDhF/qJoTB2bFLPMrIH4FGseAx2ia3UZGo%2B8E%3D,"[-122.314948, 40.873207, -122.247489, 40.939289]",../data/ca_m_4012206_se_10_.6_20160717_20161004.tif
ca_m_4012206_nw_10_.6_20160717_20161004,ca_m_4012206_nw_10,2016-07-17T00:00:00,2016,https://naipeuwest.blob.core.windows.net/naip/v002/ca/2016/ca_060cm_2016/40122/m_4012206_nw_10_h_20160717.tif?st=2025-07-10T08%3A20%3A09Z&se=2025-07-11T09%3A05%3A09Z&sp=rl&sv=2024-05-04&sr=c&skoid=9c8ff44a-6a2c-4dfb-b298-1c9212f64d9a&sktid=72f988bf-86f1-41af-91ab-2d7cd011db47&skt=2025-07-10T16%3A01%3A18Z&ske=2025-07-17T16%3A01%3A18Z&sks=b&skv=2024-05-04&sig=wQ9q3EqDhF/qJoTB2bFLPMrIH4FGseAx2ia3UZGo%2B8E%3D,"[-122.377451, 40.935755, -122.309989, 41.001747]",../data/ca_m_4012206_nw_10_.6_20160717_20161004.tif
ca_m_4012206_ne_10_.6_20160717_20161004,ca_m_4012206_ne_10,2016-07-17T00:00:00,2016,https://naipeuwest.blob.core.windows.net/naip/v002/ca/2016/ca_060cm_2016/40122/m_4012206_ne_10_h_20160717.tif?st=2025-07-10T08%3A20%3A09Z&se=2025-07-11T09%3A05%3A09Z&sp=rl&sv=2024-05-04&sr=c&skoid=9c8ff44a-6a2c-4dfb-b298-1c9212f64d9a&sktid=72f988bf-86f1-41af-91ab-2d7cd011db47&skt=2025-07-10T16%3A01%3A18Z&ske=2025-07-17T16%3A01%3A18Z&sks=b&skv=2024-05-04&sig=wQ9q3EqDhF/qJoTB2bFLPMrIH4FGseAx2ia3UZGo%2B8E%3D,"[-122.315015, 40.935743, -122.247492, 41.001771]",../data/ca_m_4012206_ne_10_.6_20160717_20161004.tif
ca_m_4112261_sw_10_.6_20160713_20161004,ca_m_4112261_sw_10,2016-07-13T00:00:00,2016,https://naipeuwest.blob.core.windows.net/naip/v002/ca/2016/ca_060cm_2016/41122/m_4112261_sw_10_h_20160713.tif?st=2025-07-10T08%3A20%3A09Z&se=2025-07-11T09%3A05%3A09Z&sp=rl&sv=2024-05-04&sr=c&skoid=9c8ff44a-6a2c-4dfb-b298-1c9212f64d9a&sktid=72f988bf-86f1-41af-91ab-2d7cd011db47&skt=2025-07-10T16%3A01%3A18Z&ske=2025-07-17T16%3A01%3A18Z&sks=b&skv=2024-05-04&sig=wQ9q3EqDhF/qJoTB2bFLPMrIH4FGseAx2ia3UZGo%2B8E%3D,"[-122.502279, 40.998321, -122.435161, 41.064187]",../data/ca_m_4112261_sw_10_.6_20160713_20161004.tif
ca_m_4112261_se_10_.6_20160713_20161004,ca_m_4112261_se_10,2016-07-13T00:00:00,2016,https://naipeuwest.blob.core.windows.net/naip/v002/ca/2016/ca_060cm_2016/41122/m_4112261_se_10_h_20160713.tif?st=2025-07-10T08%3A20%3A09Z&se=2025-07-11T09%3A05%3A09Z&sp=rl&sv=2024-05-04&sr=c&skoid=9c8ff44a-6a2c-4dfb-b298-1c9212f64d9a&sktid=72f988bf-86f1-41af-91ab-2d7cd011db47&skt=2025-07-10T16%3A01%3A18Z&ske=2025-07-17T16%3A01%3A18Z&sks=b&skv=2024-05-04&sig=wQ9q3EqDhF/qJoTB2bFLPMrIH4FGseAx2ia3UZGo%2B8E%3D,"[-122.439857, 40.998268, -122.372606, 41.064224]",../data/ca_m_4112261_se_10_.6_20160713_20161004.tif
ca_m_4012221_ne_10_.6_20160713_20161004,ca_m_4012221_ne_10,2016-07-13T00:00:00,2016,https://naipeuwest.blob.core.windows.net/naip/v002/ca/2016/ca_060cm_2016/40122/m_4012221_ne_10_h_20160713.tif?st=2025-07-10T08%3A20%3A09Z&se=2025-07-11T09%3A05%3A09Z&sp=rl&sv=2024-05-04&sr=c&skoid=9c8ff44a-6a2c-4dfb-b298-1c9212f64d9a&sktid=72f988bf-86f1-41af-91ab-2d7cd011db47&skt=2025-07-10T16%3A01%3A18Z&ske=2025-07-17T16%3A01%3A18Z&sks=b&skv=2024-05-04&sig=wQ9q3EqDhF/qJoTB2bFLPMrIH4FGseAx2ia3UZGo%2B8E%3D,"[-122.439854, 40.685803, -122.372567, 40.751707]",../data/ca_m_4012221_ne_10_.6_20160713_20161004.tif
ca_m_4112260_se_10_.6_20160713_20161004,ca_m_4112260_se_10,2016-07-13T00:00:00,2016,https://naipeuwest.blob.core.windows.net/naip/v002/ca/2016/ca_060cm_2016/41122/m_4112260_se_10_h_20160713.tif?st=2025-07-10T08%3A20%3A09Z&se=2025-07-11T09%3A05%3A09Z&sp=rl&sv=2024-05-04&sr=c&skoid=9c8ff44a-6a2c-4dfb-b298-1c9212f64d9a&sktid=72f988bf-86f1-41af-91ab-2d7cd011db47&skt=2025-07-10T16%3A01%3A18Z&ske=2025-07-17T16%3A01%3A18Z&sks=b&skv=2024-05-04&sig=wQ9q3EqDhF/qJoTB2bFLPMrIH4FGseAx2ia3UZGo%2B8E%3D,"[-122.564774, 40.99834, -122.497718, 41.064116]",../data/ca_m_4112260_se_10_.6_20160713_20161004.tif
ca_m_4012221_nw_10_.6_20160713_20161004,ca_m_4012221_nw_10,2016-07-13T00:00:00,2016,https://naipeuwest.blob.core.windows.net/naip/v002/ca/2016/ca_060cm_2016/40122/m_4012221_nw_10_h_20160713.tif?st=2025-07-10T08%3A20%3A09Z&se=2025-07-11T09%3A05%3A09Z&sp=rl&sv=2024-05-04&sr=c&skoid=9c8ff44a-6a2c-4dfb-b298-1c9212f64d9a&sktid=72f988bf-86f1-41af-91ab-2d7cd011db47&skt=2025-07-10T16%3A01%3A18Z&ske=2025-07-17T16%3A01%3A18Z&sks=b&skv=2024-05-04&sig=wQ9q3EqDhF/qJoTB2bFLPMrIH4FGseAx2ia3UZGo%2B8E%3D,"[-122.502269, 40.685801, -122.435185, 40.75167]",../data/ca_m_4012221_nw_10_.6_20160713_20161004.tif
ca_m_4012220_ne_10_.6_20160713_20161004,ca_m_4012220_ne_10,2016-07-13T00:00:00,2016,https://naipeuwest.blob.core.windows.net/naip/v002/ca/2016/ca_060cm_2016/40122/m_4012220_ne_10_h_20160713.tif?st=2025-07-10T08%3A20%3A09Z&se=2025-07-11T09%3A05%3A09Z&sp=rl&sv=2024-05-04&sr=c&skoid=9c8ff44a-6a2c-4dfb-b298-1c9212f64d9a&sktid=72f988bf-86f1-41af-91ab-2d7cd011db47&skt=2025-07-10T16%3A01%3A18Z&ske=2025-07-17T16%3A01%3A18Z&sks=b&skv=2024-05-04&sig=wQ9q3EqDhF/qJoTB2bFLPMrIH4FGseAx2ia3UZGo%2B8E%3D,"[-122.564754, 40.685873, -122.497731, 40.751652]",../data/ca_m_4012220_ne_10_.6_20160713_20161004.tif
ca_m_4012213_se_10_.6_20160713_20161004,ca_m_4012213_se_10,2016-07-13T00:00:00,2016,https://naipeuwest.blob.core.windows.net/naip/v002/ca/2016/ca_060cm_2016/40122/m_4012213_se_10_h_20160713.tif?st=2025-07-10T08%3A20%3A09Z&se=2025-07-11T09%3A05%3A09Z&sp=rl&sv=2024-05-04&sr=c&skoid=9c8ff44a-6a2c-4dfb-b298-1c9212f64d9a&sktid=72f988bf-86f1-41af-91ab-2d7cd011db47&skt=2025-07-10T16%3A01%3A18Z&ske=2025-07-17T16%3A01%3A18Z&sks=b&skv=2024-05-04&sig=wQ9q3EqDhF/qJoTB2bFLPMrIH4FGseAx2ia3UZGo%2B8E%3D,"[-122.439828, 40.748287, -122.372619, 40.81419]",../data/ca_m_4012213_se_10_.6_20160713_20161004.tif
ca_m_4012213_sw_10_.6_20160713_20161004,ca_m_4012213_sw_10,2016-07-13T00:00:00,2016,https://naipeuwest.blob.core.windows.net/naip/v002/ca/2016/ca_060cm_2016/40122/m_4012213_sw_10_h_20160713.tif?st=2025-07-10T08%3A20%3A09Z&se=2025-07-11T09%3A05%3A09Z&sp=rl&sv=2024-05-04&sr=c&skoid=9c8ff44a-6a2c-4dfb-b298-1c9212f64d9a&sktid=72f988bf-86f1-41af-91ab-2d7cd011db47&skt=2025-07-10T16%3A01%3A18Z&ske=2025-07-17T16%3A01%3A18Z&sks=b&skv=2024-05-04&sig=wQ9q3EqDhF/qJoTB2bFLPMrIH4FGseAx2ia3UZGo%2B8E%3D,"[-122.5023, 40.748339, -122.435153, 40.814153]",../data/ca_m_4012213_sw_10_.6_20160713_20161004.tif
ca_m_4012213_ne_10_.6_20160713_20161004,ca_m_4012213_ne_10,2016-07-13T00:00:00,2016,https://naipeuwest.blob.core.windows.net/naip/v002/ca/2016/ca_060cm_2016/40122/m_4012213_ne_10_h_20160713.tif?st=2025-07-10T08%3A20%3A09Z&se=2025-07-11T09%3A05%3A09Z&sp=rl&sv=2024-05-04&sr=c&skoid=9c8ff44a-6a2c-4dfb-b298-1c9212f64d9a&sktid=72f988bf-86f1-41af-91ab-2d7cd011db47&skt=2025-07-10T16%3A01%3A18Z&ske=2025-07-17T16%3A01%3A18Z&sks=b&skv=2024-05-04&sig=wQ9q3EqDhF/qJoTB2bFLPMrIH4FGseAx2ia3UZGo%2B8E%3D,"[-122.439872, 40.810769, -122.372599, 40.876727]",../data/ca_m_4012213_ne_10_.6_20160713_20161004.tif
ca_m_4012213_nw_10_.6_20160713_20161004,ca_m_4012213_nw_10,2016-07-13T00:00:00,2016,https://naipeuwest.blob.core.windows.net/naip/v002/ca/2016/ca_060cm_2016/40122/m_4012213_nw_10_h_20160713.tif?st=2025-07-10T08%3A20%3A09Z&se=2025-07-11T09%3A05%3A09Z&sp=rl&sv=2024-05-04&sr=c&skoid=9c8ff44a-6a2c-4dfb-b298-1c9212f64d9a&sktid=72f988bf-86f1-41af-91ab-2d7cd011db47&skt=2025-07-10T16%3A01%3A18Z&ske=2025-07-17T16%3A01%3A18Z&sks=b&skv=2024-05-04&sig=wQ9q3EqDhF/qJoTB2bFLPMrIH4FGseAx2ia3UZGo%2B8E%3D,"[-122.50226, 40.810822, -122.43512, 40.876689]",../data/ca_m_4012213_nw_10_.6_20160713_20161004.tif
ca_m_4012212_se_10_.6_20160713_20161004,ca_m_4012212_se_10,2016-07-13T00:00:00,2016,https://naipeuwest.blob.core.windows.net/naip/v002/ca/2016/ca_060cm_2016/40122/m_4012212_se_10_h_20160713.tif?st=2025-07-10T08%3A20%3A09Z&se=2025-07-11T09%3A05%3A09Z&sp=rl&sv=2024-05-04&sr=c&skoid=9c8ff44a-6a2c-4dfb-b298-1c9212f64d9a&sktid=72f988bf-86f1-41af-91ab-2d7cd011db47&skt=2025-07-10T16%3A01%3A18Z&ske=2025-07-17T16%3A01%3A18Z&sks=b&skv=2024-05-04&sig=wQ9q3EqDhF/qJoTB2bFLPMrIH4FGseAx2ia3UZGo%2B8E%3D,"[-122.564702, 40.748357, -122.497687, 40.814135]",../data/ca_m_4012212_se_10_.6_20160713_20161004.tif
ca_m_4012212_ne_10_.6_20160713_20161004,ca_m_4012212_ne_10,2016-07-13T00:00:00,2016,https://naipeuwest.blob.core.windows.net/naip/v002/ca/2016/ca_060cm_2016/40122/m_4012212_ne_10_h_20160713.tif?st=2025-07-10T08%3A20%3A09Z&se=2025-07-11T09%3A05%3A09Z&sp=rl&sv=2024-05-04&sr=c&skoid=9c8ff44a-6a2c-4dfb-b298-1c9212f64d9a&sktid=72f988bf-86f1-41af-91ab-2d7cd011db47&skt=2025-07-10T16%3A01%3A18Z&ske=2025-07-17T16%3A01%3A18Z&sks=b&skv=2024-05-04&sig=wQ9q3EqDhF/qJoTB2bFLPMrIH4FGseAx2ia3UZGo%2B8E%3D,"[-122.564721, 40.81084, -122.497713, 40.876618]",../data/ca_m_4012212_ne_10_.6_20160713_20161004.tif
ca_m_4012205_sw_10_.6_20160713_20161004,ca_m_4012205_sw_10,2016-07-13T00:00:00,2016,https://naipeuwest.blob.core.windows.net/naip/v002/ca/2016/ca_060cm_2016/40122/m_4012205_sw_10_h_20160713.tif?st=2025-07-10T08%3A20%3A09Z&se=2025-07-11T09%3A05%3A09Z&sp=rl&sv=2024-05-04&sr=c&skoid=9c8ff44a-6a2c-4dfb-b298-1c9212f64d9a&sktid=72f988bf-86f1-41af-91ab-2d7cd011db47&skt=2025-07-10T16%3A01%3A18Z&ske=2025-07-17T16%3A01%3A18Z&sks=b&skv=2024-05-04&sig=wQ9q3EqDhF/qJoTB2bFLPMrIH4FGseAx2ia3UZGo%2B8E%3D,"[-122.502291, 40.873304, -122.435159, 40.939171]",../data/ca_m_4012205_sw_10_.6_20160713_20161004.tif
ca_m_4112261_sw_10_1_20140729_20140923,ca_m_4112261_sw_10,2014-07-29T00:00:00,2014,https://naipeuwest.blob.core.windows.net/naip/v002/ca/2014/ca_100cm_2014/41122/m_4112261_sw_10_1_20140729.tif?st=2025-07-10T08%3A20%3A09Z&se=2025-07-11T09%3A05%3A09Z&sp=rl&sv=2024-05-04&sr=c&skoid=9c8ff44a-6a2c-4dfb-b298-1c9212f64d9a&sktid=72f988bf-86f1-41af-91ab-2d7cd011db47&skt=2025-07-10T16%3A01%3A18Z&ske=2025-07-17T16%3A01%3A18Z&sks=b&skv=2024-05-04&sig=wQ9q3EqDhF/qJoTB2bFLPMrIH4FGseAx2ia3UZGo%2B8E%3D,"[-122.504061, 40.996979, -122.433353, 41.06551]",../data/ca_m_4112261_sw_10_1_20140729_20140923.tif
ca_m_4012205_nw_10_.6_20160713_20161004,ca_m_4012205_nw_10,2016-07-13T00:00:00,2016,https://naipeuwest.blob.core.windows.net/naip/v002/ca/2016/ca_060cm_2016/40122/m_4012205_nw_10_h_20160713.tif?st=2025-07-10T08%3A20%3A09Z&se=2025-07-11T09%3A05%3A09Z&sp=rl&sv=2024-05-04&sr=c&skoid=9c8ff44a-6a2c-4dfb-b298-1c9212f64d9a&sktid=72f988bf-86f1-41af-91ab-2d7cd011db47&skt=2025-07-10T16%3A01%3A18Z&ske=2025-07-17T16%3A01%3A18Z&sks=b&skv=2024-05-04&sig=wQ9q3EqDhF/qJoTB2bFLPMrIH4FGseAx2ia3UZGo%2B8E%3D,"[-122.502321, 40.93584, -122.435125, 41.001652]",../data/ca_m_4012205_nw_10_.6_20160713_20161004.tif
ca_m_4012205_se_10_.6_20160713_20161004,ca_m_4012205_se_10,2016-07-13T00:00:00,2016,https://naipeuwest.blob.core.windows.net/naip/v002/ca/2016/ca_060cm_2016/40122/m_4012205_se_10_h_20160713.tif?st=2025-07-10T08%3A20%3A09Z&se=2025-07-11T09%3A05%3A09Z&sp=rl&sv=2024-05-04&sr=c&skoid=9c8ff44a-6a2c-4dfb-b298-1c9212f64d9a&sktid=72f988bf-86f1-41af-91ab-2d7cd011db47&skt=2025-07-10T16%3A01%3A18Z&ske=2025-07-17T16%3A01%3A18Z&sks=b&skv=2024-05-04&sig=wQ9q3EqDhF/qJoTB2bFLPMrIH4FGseAx2ia3UZGo%2B8E%3D,"[-122.439843, 40.873306, -122.372578, 40.939208]",../data/ca_m_4012205_se_10_.6_20160713_20161004.tif
ca_m_4112260_se_10_1_20140729_20140923,ca_m_4112260_se_10,2014-07-29T00:00:00,2014,https://naipeuwest.blob.core.windows.net/naip/v002/ca/2014/ca_100cm_2014/41122/m_4112260_se_10_1_20140729.tif?st=2025-07-10T08%3A20%3A09Z&se=2025-07-11T09%3A05%3A09Z&sp=rl&sv=2024-05-04&sr=c&skoid=9c8ff44a-6a2c-4dfb-b298-1c9212f64d9a&sktid=72f988bf-86f1-41af-91ab-2d7cd011db47&skt=2025-07-10T16%3A01%3A18Z&ske=2025-07-17T16%3A01%3A18Z&sks=b&skv=2024-05-04&sig=wQ9q3EqDhF/qJoTB2bFLPMrIH4FGseAx2ia3UZGo%2B8E%3D,"[-122.566507, 40.997017, -122.495922, 41.065474]",../data/ca_m_4112260_se_10_1_20140729_20140923.tif
ca_m_4012221_nw_10_1_20140729_20140923,ca_m_4012221_nw_10,2014-07-29T00:00:00,2014,https://naipeuwest.blob.core.windows.net/naip/v002/ca/2014/ca_100cm_2014/40122/m_4012221_nw_10_1_20140729.tif?st=2025-07-10T08%3A20%3A09Z&se=2025-07-11T09%3A05%3A09Z&sp=rl&sv=2024-05-04&sr=c&skoid=9c8ff44a-6a2c-4dfb-b298-1c9212f64d9a&sktid=72f988bf-86f1-41af-91ab-2d7cd011db47&skt=2025-07-10T16%3A01%3A18Z&ske=2025-07-17T16%3A01%3A18Z&sks=b&skv=2024-05-04&sig=wQ9q3EqDhF/qJoTB2bFLPMrIH4FGseAx2ia3UZGo%2B8E%3D,"[-122.504042, 40.684477, -122.433385, 40.75301]",../data/ca_m_4012221_nw_10_1_20140729_20140923.tif
ca_m_4012221_ne_10_1_20140729_20140923,ca_m_4012221_ne_10,2014-07-29T00:00:00,2014,https://naipeuwest.blob.core.windows.net/naip/v002/ca/2014/ca_100cm_2014/40122/m_4012221_ne_10_1_20140729.tif?st=2025-07-10T08%3A20%3A09Z&se=2025-07-11T09%3A05%3A09Z&sp=rl&sv=2024-05-04&sr=c&skoid=9c8ff44a-6a2c-4dfb-b298-1c9212f64d9a&sktid=72f988bf-86f1-41af-91ab-2d7cd011db47&skt=2025-07-10T16%3A01%3A18Z&ske=2025-07-17T16%3A01%3A18Z&sks=b&skv=2024-05-04&sig=wQ9q3EqDhF/qJoTB2bFLPMrIH4FGseAx2ia3UZGo%2B8E%3D,"[-122.441605, 40.684442, -122.370814, 40.753049]",../data/ca_m_4012221_ne_10_1_20140729_20140923.tif
ca_m_4012205_ne_10_.6_20160713_20161004,ca_m_4012205_ne_10,2016-07-13T00:00:00,2016,https://naipeuwest.blob.core.windows.net/naip/v002/ca/2016/ca_060cm_2016/40122/m_4012205_ne_10_h_20160713.tif?st=2025-07-10T08%3A20%3A09Z&se=2025-07-11T09%3A05%3A09Z&sp=rl&sv=2024-05-04&sr=c&skoid=9c8ff44a-6a2c-4dfb-b298-1c9212f64d9a&sktid=72f988bf-86f1-41af-91ab-2d7cd011db47&skt=2025-07-10T16%3A01%3A18Z&ske=2025-07-17T16%3A01%3A18Z&sks=b&skv=2024-05-04&sig=wQ9q3EqDhF/qJoTB2bFLPMrIH4FGseAx2ia3UZGo%2B8E%3D,"[-122.439886, 40.935787, -122.372557, 41.00169]",../data/ca_m_4012205_ne_10_.6_20160713_20161004.tif
ca_m_4012204_se_10_.6_20160713_20161004,ca_m_4012204_se_10,2016-07-13T00:00:00,2016,https://naipeuwest.blob.core.windows.net/naip/v002/ca/2016/ca_060cm_2016/40122/m_4012204_se_10_h_20160713.tif?st=2025-07-10T08%3A20%3A09Z&se=2025-07-11T09%3A05%3A09Z&sp=rl&sv=2024-05-04&sr=c&skoid=9c8ff44a-6a2c-4dfb-b298-1c9212f64d9a&sktid=72f988bf-86f1-41af-91ab-2d7cd011db47&skt=2025-07-10T16%3A01%3A18Z&ske=2025-07-17T16%3A01%3A18Z&sks=b&skv=2024-05-04&sig=wQ9q3EqDhF/qJoTB2bFLPMrIH4FGseAx2ia3UZGo%2B8E%3D,"[-122.564739, 40.873377, -122.497668, 40.939154]",../data/ca_m_4012204_se_10_.6_20160713_20161004.tif
ca_m_4012204_ne_10_.6_20160713_20161004,ca_m_4012204_ne_10,2016-07-13T00:00:00,2016,https://naipeuwest.blob.core.windows.net/naip/v002/ca/2016/ca_060cm_2016/40122/m_4012204_ne_10_h_20160713.tif?st=2025-07-10T08%3A20%3A09Z&se=2025-07-11T09%3A05%3A09Z&sp=rl&sv=2024-05-04&sr=c&skoid=9c8ff44a-6a2c-4dfb-b298-1c9212f64d9a&sktid=72f988bf-86f1-41af-91ab-2d7cd011db47&skt=2025-07-10T16%3A01%3A18Z&ske=2025-07-17T16%3A01%3A18Z&sks=b&skv=2024-05-04&sig=wQ9q3EqDhF/qJoTB2bFLPMrIH4FGseAx2ia3UZGo%2B8E%3D,"[-122.564757, 40.935859, -122.497693, 41.001635]",../data/ca_m_4012204_ne_10_.6_20160713_20161004.tif
ca_m_4012220_ne_10_1_20140729_20140923,ca_m_4012220_ne_10,2014-07-29T00:00:00,2014,https://naipeuwest.blob.core.windows.net/naip/v002/ca/2014/ca_100cm_2014/40122/m_4012220_ne_10_1_20140729.tif?st=2025-07-10T08%3A20%3A09Z&se=2025-07-11T09%3A05%3A09Z&sp=rl&sv=2024-05-04&sr=c&skoid=9c8ff44a-6a2c-4dfb-b298-1c9212f64d9a&sktid=72f988bf-86f1-41af-91ab-2d7cd011db47&skt=2025-07-10T16%3A01%3A18Z&ske=2025-07-17T16%3A01%3A18Z&sks=b&skv=2024-05-04&sig=wQ9q3EqDhF/qJoTB2bFLPMrIH4FGseAx2ia3UZGo%2B8E%3D,"[-122.566479, 40.684514, -122.495944, 40.752974]",../data/ca_m_4012220_ne_10_1_20140729_20140923.tif
ca_m_4012213_sw_10_1_20140729_20140923,ca_m_4012213_sw_10,2014-07-29T00:00:00,2014,https://naipeuwest.blob.core.windows.net/naip/v002/ca/2014/ca_100cm_2014/40122/m_4012213_sw_10_1_20140729.tif?st=2025-07-10T08%3A20%3A09Z&se=2025-07-11T09%3A05%3A09Z&sp=rl&sv=2024-05-04&sr=c&skoid=9c8ff44a-6a2c-4dfb-b298-1c9212f64d9a&sktid=72f988bf-86f1-41af-91ab-2d7cd011db47&skt=2025-07-10T16%3A01%3A18Z&ske=2025-07-17T16%3A01%3A18Z&sks=b&skv=2024-05-04&sig=wQ9q3EqDhF/qJoTB2bFLPMrIH4FGseAx2ia3UZGo%2B8E%3D,"[-122.504052, 40.746979, -122.433375, 40.815512]",../data/ca_m_4012213_sw_10_1_20140729_20140923.tif
ca_m_4012213_se_10_1_20140729_20140923,ca_m_4012213_se_10,2014-07-29T00:00:00,2014,https://naipeuwest.blob.core.windows.net/naip/v002/ca/2014/ca_100cm_2014/40122/m_4012213_se_10_1_20140729.tif?st=2025-07-10T08%3A20%3A09Z&se=2025-07-11T09%3A05%3A09Z&sp=rl&sv=2024-05-04&sr=c&skoid=9c8ff44a-6a2c-4dfb-b298-1c9212f64d9a&sktid=72f988bf-86f1-41af-91ab-2d7cd011db47&skt=2025-07-10T16%3A01%3A18Z&ske=2025-07-17T16%3A01%3A18Z&sks=b&skv=2024-05-04&sig=wQ9q3EqDhF/qJoTB2bFLPMrIH4FGseAx2ia3UZGo%2B8E%3D,"[-122.441604, 40.746944, -122.370816, 40.81555]",../data/ca_m_4012213_se_10_1_20140729_20140923.tif
ca_m_4012213_nw_10_1_20140729_20140923,ca_m_4012213_nw_10,2014-07-29T00:00:00,2014,https://naipeuwest.blob.core.windows.net/naip/v002/ca/2014/ca_100cm_2014/40122/m_4012213_nw_10_1_20140729.tif?st=2025-07-10T08%3A20%3A09Z&se=2025-07-11T09%3A05%3A09Z&sp=rl&sv=2024-05-04&sr=c&skoid=9c8ff44a-6a2c-4dfb-b298-1c9212f64d9a&sktid=72f988bf-86f1-41af-91ab-2d7cd011db47&skt=2025-07-10T16%3A01%3A18Z&ske=2025-07-17T16%3A01%3A18Z&sks=b&skv=2024-05-04&sig=wQ9q3EqDhF/qJoTB2bFLPMrIH4FGseAx2ia3UZGo%2B8E%3D,"[-122.504049, 40.80948, -122.433365, 40.878012]",../data/ca_m_4012213_nw_10_1_20140729_20140923.tif
ca_m_4012212_se_10_1_20140729_20140923,ca_m_4012212_se_10,2014-07-29T00:00:00,2014,https://naipeuwest.blob.core.windows.net/naip/v002/ca/2014/ca_100cm_2014/40122/m_4012212_se_10_1_20140729.tif?st=2025-07-10T08%3A20%3A09Z&se=2025-07-11T09%3A05%3A09Z&sp=rl&sv=2024-05-04&sr=c&skoid=9c8ff44a-6a2c-4dfb-b298-1c9212f64d9a&sktid=72f988bf-86f1-41af-91ab-2d7cd011db47&skt=2025-07-10T16%3A01%3A18Z&ske=2025-07-17T16%3A01%3A18Z&sks=b&skv=2024-05-04&sig=wQ9q3EqDhF/qJoTB2bFLPMrIH4FGseAx2ia3UZGo%2B8E%3D,"[-122.566488, 40.747016, -122.495934, 40.815475]",../data/ca_m_4012212_se_10_1_20140729_20140923.tif
ca_m_4012212_ne_10_1_20140729_20140923,ca_m_4012212_ne_10,2014-07-29T00:00:00,2014,https://naipeuwest.blob.core.windows.net/naip/v002/ca/2014/ca_100cm_2014/40122/m_4012212_ne_10_1_20140729.tif?st=2025-07-10T08%3A20%3A09Z&se=2025-07-11T09%3A05%3A09Z&sp=rl&sv=2024-05-04&sr=c&skoid=9c8ff44a-6a2c-4dfb-b298-1c9212f64d9a&sktid=72f988bf-86f1-41af-91ab-2d7cd011db47&skt=2025-07-10T16%3A01%3A18Z&ske=2025-07-17T16%3A01%3A18Z&sks=b&skv=2024-05-04&sig=wQ9q3EqDhF/qJoTB2bFLPMrIH4FGseAx2ia3UZGo%2B8E%3D,"[-122.566496, 40.809517, -122.495935, 40.877976]",../data/ca_m_4012212_ne_10_1_20140729_20140923.tif
ca_m_4012205_nw_10_1_20140729_20140923,ca_m_4012205_nw_10,2014-07-29T00:00:00,2014,https://naipeuwest.blob.core.windows.net/naip/v002/ca/2014/ca_100cm_2014/40122/m_4012205_nw_10_1_20140729.tif?st=2025-07-10T08%3A20%3A09Z&se=2025-07-11T09%3A05%3A09Z&sp=rl&sv=2024-05-04&sr=c&skoid=9c8ff44a-6a2c-4dfb-b298-1c9212f64d9a&sktid=72f988bf-86f1-41af-91ab-2d7cd011db47&skt=2025-07-10T16%3A01%3A18Z&ske=2025-07-17T16%3A01%3A18Z&sks=b&skv=2024-05-04&sig=wQ9q3EqDhF/qJoTB2bFLPMrIH4FGseAx2ia3UZGo%2B8E%3D,"[-122.504065, 40.93448, -122.433366, 41.003011]",../data/ca_m_4012205_nw_10_1_20140729_20140923.tif
ca_m_4012204_se_10_1_20140729_20140923,ca_m_4012204_se_10,2014-07-29T00:00:00,2014,https://naipeuwest.blob.core.windows.net/naip/v002/ca/2014/ca_100cm_2014/40122/m_4012204_se_10_1_20140729.tif?st=2025-07-10T08%3A20%3A09Z&se=2025-07-11T09%3A05%3A09Z&sp=rl&sv=2024-05-04&sr=c&skoid=9c8ff44a-6a2c-4dfb-b298-1c9212f64d9a&sktid=72f988bf-86f1-41af-91ab-2d7cd011db47&skt=2025-07-10T16%3A01%3A18Z&ske=2025-07-17T16%3A01%3A18Z&sks=b&skv=2024-05-04&sig=wQ9q3EqDhF/qJoTB2bFLPMrIH4FGseAx2ia3UZGo%2B8E%3D,"[-122.566492, 40.872018, -122.495923, 40.940476]",../data/ca_m_4012204_se_10_1_20140729_20140923.tif
ca_m_4012205_ne_10_1_20140729_20140923,ca_m_4012205_ne_10,2014-07-29T00:00:00,2014,https://naipeuwest.blob.core.windows.net/naip/v002/ca/2014/ca_100cm_2014/40122/m_4012205_ne_10_1_20140729.tif?st=2025-07-10T08%3A20%3A09Z&se=2025-07-11T09%3A05%3A09Z&sp=rl&sv=2024-05-04&sr=c&skoid=9c8ff44a-6a2c-4dfb-b298-1c9212f64d9a&sktid=72f988bf-86f1-41af-91ab-2d7cd011db47&skt=2025-07-10T16%3A01%3A18Z&ske=2025-07-17T16%3A01%3A18Z&sks=b&skv=2024-05-04&sig=wQ9q3EqDhF/qJoTB2bFLPMrIH4FGseAx2ia3UZGo%2B8E%3D,"[-122.44162, 40.934445, -122.370796, 41.003049]",../data/ca_m_4012205_ne_10_1_20140729_20140923.tif
ca_m_4012204_ne_10_1_20140729_20140923,ca_m_4012204_ne_10,2014-07-29T00:00:00,2014,https://naipeuwest.blob.core.windows.net/naip/v002/ca/2014/ca_100cm_2014/40122/m_4012204_ne_10_1_20140729.tif?st=2025-07-10T08%3A20%3A09Z&se=2025-07-11T09%3A05%3A09Z&sp=rl&sv=2024-05-04&sr=c&skoid=9c8ff44a-6a2c-4dfb-b298-1c9212f64d9a&sktid=72f988bf-86f1-41af-91ab-2d7cd011db47&skt=2025-07-10T16%3A01%3A18Z&ske=2025-07-17T16%3A01%3A18Z&sks=b&skv=2024-05-04&sig=wQ9q3EqDhF/qJoTB2bFLPMrIH4FGseAx2ia3UZGo%2B8E%3D,"[-122.5665, 40.934518, -122.495923, 41.002975]",../data/ca_m_4012204_ne_10_1_20140729_20140923.tif
ca_m_4012205_sw_10_1_20140729_20140923,ca_m_4012205_sw_10,2014-07-29T00:00:00,2014,https://naipeuwest.blob.core.windows.net/naip/v002/ca/2014/ca_100cm_2014/40122/m_4012205_sw_10_1_20140729.tif?st=2025-07-10T08%3A20%3A09Z&se=2025-07-11T09%3A05%3A09Z&sp=rl&sv=2024-05-04&sr=c&skoid=9c8ff44a-6a2c-4dfb-b298-1c9212f64d9a&sktid=72f988bf-86f1-41af-91ab-2d7cd011db47&skt=2025-07-10T16%3A01%3A18Z&ske=2025-07-17T16%3A01%3A18Z&sks=b&skv=2024-05-04&sig=wQ9q3EqDhF/qJoTB2bFLPMrIH4FGseAx2ia3UZGo%2B8E%3D,"[-122.504057, 40.87198, -122.433365, 40.940512]",../data/ca_m_4012205_sw_10_1_20140729_20140923.tif
ca_m_4112264_sw_10_1_20140726_20140923,ca_m_4112264_sw_10,2014-07-26T00:00:00,2014,https://naipeuwest.blob.core.windows.net/naip/v002/ca/2014/ca_100cm_2014/41122/m_4112264_sw_10_1_20140726.tif?st=2025-07-10T08%3A20%3A09Z&se=2025-07-11T09%3A05%3A09Z&sp=rl&sv=2024-05-04&sr=c&skoid=9c8ff44a-6a2c-4dfb-b298-1c9212f64d9a&sktid=72f988bf-86f1-41af-91ab-2d7cd011db47&skt=2025-07-10T16%3A01%3A18Z&ske=2025-07-17T16%3A01%3A18Z&sks=b&skv=2024-05-04&sig=wQ9q3EqDhF/qJoTB2bFLPMrIH4FGseAx2ia3UZGo%2B8E%3D,"[-122.129438, 40.996762, -122.057989, 41.065725]",../data/ca_m_4112264_sw_10_1_20140726_20140923.tif
ca_m_4112263_sw_10_1_20140726_20140923,ca_m_4112263_sw_10,2014-07-26T00:00:00,2014,https://naipeuwest.blob.core.windows.net/naip/v002/ca/2014/ca_100cm_2014/41122/m_4112263_sw_10_1_20140726.tif?st=2025-07-10T08%3A20%3A09Z&se=2025-07-11T09%3A05%3A09Z&sp=rl&sv=2024-05-04&sr=c&skoid=9c8ff44a-6a2c-4dfb-b298-1c9212f64d9a&sktid=72f988bf-86f1-41af-91ab-2d7cd011db47&skt=2025-07-10T16%3A01%3A18Z&ske=2025-07-17T16%3A01%3A18Z&sks=b&skv=2024-05-04&sig=wQ9q3EqDhF/qJoTB2bFLPMrIH4FGseAx2ia3UZGo%2B8E%3D,"[-122.254316, 40.996832, -122.183114, 41.065657]",../data/ca_m_4112263_sw_10_1_20140726_20140923.tif
ca_m_4112263_se_10_1_20140726_20140923,ca_m_4112263_se_10,2014-07-26T00:00:00,2014,https://naipeuwest.blob.core.windows.net/naip/v002/ca/2014/ca_100cm_2014/41122/m_4112263_se_10_1_20140726.tif?st=2025-07-10T08%3A20%3A09Z&se=2025-07-11T09%3A05%3A09Z&sp=rl&sv=2024-05-04&sr=c&skoid=9c8ff44a-6a2c-4dfb-b298-1c9212f64d9a&sktid=72f988bf-86f1-41af-91ab-2d7cd011db47&skt=2025-07-10T16%3A01%3A18Z&ske=2025-07-17T16%3A01%3A18Z&sks=b&skv=2024-05-04&sig=wQ9q3EqDhF/qJoTB2bFLPMrIH4FGseAx2ia3UZGo%2B8E%3D,"[-122.191871, 40.996796, -122.120545, 41.065685]",../data/ca_m_4112263_se_10_1_20140726_20140923.tif
ca_m_4012223_nw_10_1_20140726_20140923,ca_m_4012223_nw_10,2014-07-26T00:00:00,2014,https://naipeuwest.blob.core.windows.net/naip/v002/ca/2014/ca_100cm_2014/40122/m_4012223_nw_10_1_20140726.tif?st=2025-07-10T08%3A20%3A09Z&se=2025-07-11T09%3A05%3A09Z&sp=rl&sv=2024-05-04&sr=c&skoid=9c8ff44a-6a2c-4dfb-b298-1c9212f64d9a&sktid=72f988bf-86f1-41af-91ab-2d7cd011db47&skt=2025-07-10T16%3A01%3A18Z&ske=2025-07-17T16%3A01%3A18Z&sks=b&skv=2024-05-04&sig=wQ9q3EqDhF/qJoTB2bFLPMrIH4FGseAx2ia3UZGo%2B8E%3D,"[-122.254283, 40.684332, -122.183136, 40.753151]",../data/ca_m_4012223_nw_10_1_20140726_20140923.tif
ca_m_4012224_nw_10_1_20140726_20140923,ca_m_4012224_nw_10,2014-07-26T00:00:00,2014,https://naipeuwest.blob.core.windows.net/naip/v002/ca/2014/ca_100cm_2014/40122/m_4012224_nw_10_1_20140726.tif?st=2025-07-10T08%3A20%3A09Z&se=2025-07-11T09%3A05%3A09Z&sp=rl&sv=2024-05-04&sr=c&skoid=9c8ff44a-6a2c-4dfb-b298-1c9212f64d9a&sktid=72f988bf-86f1-41af-91ab-2d7cd011db47&skt=2025-07-10T16%3A01%3A18Z&ske=2025-07-17T16%3A01%3A18Z&sks=b&skv=2024-05-04&sig=wQ9q3EqDhF/qJoTB2bFLPMrIH4FGseAx2ia3UZGo%2B8E%3D,"[-122.129411, 40.684264, -122.058019, 40.75322]",../data/ca_m_4012224_nw_10_1_20140726_20140923.tif
ca_m_4112262_sw_10_1_20140726_20140923,ca_m_4112262_sw_10,2014-07-26T00:00:00,2014,https://naipeuwest.blob.core.windows.net/naip/v002/ca/2014/ca_100cm_2014/41122/m_4112262_sw_10_1_20140726.tif?st=2025-07-10T08%3A20%3A09Z&se=2025-07-11T09%3A05%3A09Z&sp=rl&sv=2024-05-04&sr=c&skoid=9c8ff44a-6a2c-4dfb-b298-1c9212f64d9a&sktid=72f988bf-86f1-41af-91ab-2d7cd011db47&skt=2025-07-10T16%3A01%3A18Z&ske=2025-07-17T16%3A01%3A18Z&sks=b&skv=2024-05-04&sig=wQ9q3EqDhF/qJoTB2bFLPMrIH4FGseAx2ia3UZGo%2B8E%3D,"[-122.379194, 40.99691, -122.308239, 41.065579]",../data/ca_m_4112262_sw_10_1_20140726_20140923.tif
ca_m_4112261_se_10_1_20140726_20140923,ca_m_4112261_se_10,2014-07-26T00:00:00,2014,https://naipeuwest.blob.core.windows.net/naip/v002/ca/2014/ca_100cm_2014/41122/m_4112261_se_10_1_20140726.tif?st=2025-07-10T08%3A20%3A09Z&se=2025-07-11T09%3A05%3A09Z&sp=rl&sv=2024-05-04&sr=c&skoid=9c8ff44a-6a2c-4dfb-b298-1c9212f64d9a&sktid=72f988bf-86f1-41af-91ab-2d7cd011db47&skt=2025-07-10T16%3A01%3A18Z&ske=2025-07-17T16%3A01%3A18Z&sks=b&skv=2024-05-04&sig=wQ9q3EqDhF/qJoTB2bFLPMrIH4FGseAx2ia3UZGo%2B8E%3D,"[-122.441628, 40.996944, -122.370796, 41.065548]",../data/ca_m_4112261_se_10_1_20140726_20140923.tif
ca_m_4012223_ne_10_1_20140726_20140923,ca_m_4012223_ne_10,2014-07-26T00:00:00,2014,https://naipeuwest.blob.core.windows.net/naip/v002/ca/2014/ca_100cm_2014/40122/m_4012223_ne_10_1_20140726.tif?st=2025-07-10T08%3A20%3A09Z&se=2025-07-11T09%3A05%3A09Z&sp=rl&sv=2024-05-04&sr=c&skoid=9c8ff44a-6a2c-4dfb-b298-1c9212f64d9a&sktid=72f988bf-86f1-41af-91ab-2d7cd011db47&skt=2025-07-10T16%3A01%3A18Z&ske=2025-07-17T16%3A01%3A18Z&sks=b&skv=2024-05-04&sig=wQ9q3EqDhF/qJoTB2bFLPMrIH4FGseAx2ia3UZGo%2B8E%3D,"[-122.191847, 40.684297, -122.120577, 40.753189]",../data/ca_m_4012223_ne_10_1_20140726_20140923.tif
ca_m_4112262_se_10_1_20140726_20140923,ca_m_4112262_se_10,2014-07-26T00:00:00,2014,https://naipeuwest.blob.core.windows.net/naip/v002/ca/2014/ca_100cm_2014/41122/m_4112262_se_10_1_20140726.tif?st=2025-07-10T08%3A20%3A09Z&se=2025-07-11T09%3A05%3A09Z&sp=rl&sv=2024-05-04&sr=c&skoid=9c8ff44a-6a2c-4dfb-b298-1c9212f64d9a&sktid=72f988bf-86f1-41af-91ab-2d7cd011db47&skt=2025-07-10T16%3A01%3A18Z&ske=2025-07-17T16%3A01%3A18Z&sks=b&skv=2024-05-04&sig=wQ9q3EqDhF/qJoTB2bFLPMrIH4FGseAx2ia3UZGo%2B8E%3D,"[-122.316749, 40.99687, -122.24567, 41.065621]",../data/ca_m_4112262_se_10_1_20140726_20140923.tif
ca_m_4012222_nw_10_1_20140726_20140923,ca_m_4012222_nw_10,2014-07-26T00:00:00,2014,https://naipeuwest.blob.core.windows.net/naip/v002/ca/2014/ca_100cm_2014/40122/m_4012222_nw_10_1_20140726.tif?st=2025-07-10T08%3A20%3A09Z&se=2025-07-11T09%3A05%3A09Z&sp=rl&sv=2024-05-04&sr=c&skoid=9c8ff44a-6a2c-4dfb-b298-1c9212f64d9a&sktid=72f988bf-86f1-41af-91ab-2d7cd011db47&skt=2025-07-10T16%3A01%3A18Z&ske=2025-07-17T16%3A01%3A18Z&sks=b&skv=2024-05-04&sig=wQ9q3EqDhF/qJoTB2bFLPMrIH4FGseAx2ia3UZGo%2B8E%3D,"[-122.379168, 40.684409, -122.308254, 40.753081]",../data/ca_m_4012222_nw_10_1_20140726_20140923.tif
ca_m_4012222_ne_10_1_20140726_20140923,ca_m_4012222_ne_10,2014-07-26T00:00:00,2014,https://naipeuwest.blob.core.windows.net/naip/v002/ca/2014/ca_100cm_2014/40122/m_4012222_ne_10_1_20140726.tif?st=2025-07-10T08%3A20%3A09Z&se=2025-07-11T09%3A05%3A09Z&sp=rl&sv=2024-05-04&sr=c&skoid=9c8ff44a-6a2c-4dfb-b298-1c9212f64d9a&sktid=72f988bf-86f1-41af-91ab-2d7cd011db47&skt=2025-07-10T16%3A01%3A18Z&ske=2025-07-17T16%3A01%3A18Z&sks=b&skv=2024-05-04&sig=wQ9q3EqDhF/qJoTB2bFLPMrIH4FGseAx2ia3UZGo%2B8E%3D,"[-122.316732, 40.684369, -122.245695, 40.753115]",../data/ca_m_4012222_ne_10_1_20140726_20140923.tif
ca_m_4012216_nw_10_1_20140726_20140923,ca_m_4012216_nw_10,2014-07-26T00:00:00,2014,https://naipeuwest.blob.core.windows.net/naip/v002/ca/2014/ca_100cm_2014/40122/m_4012216_nw_10_1_20140726.tif?st=2025-07-10T08%3A20%3A09Z&se=2025-07-11T09%3A05%3A09Z&sp=rl&sv=2024-05-04&sr=c&skoid=9c8ff44a-6a2c-4dfb-b298-1c9212f64d9a&sktid=72f988bf-86f1-41af-91ab-2d7cd011db47&skt=2025-07-10T16%3A01%3A18Z&ske=2025-07-17T16%3A01%3A18Z&sks=b&skv=2024-05-04&sig=wQ9q3EqDhF/qJoTB2bFLPMrIH4FGseAx2ia3UZGo%2B8E%3D,"[-122.129415, 40.809265, -122.058005, 40.87822]",../data/ca_m_4012216_nw_10_1_20140726_20140923.tif
ca_m_4012215_sw_10_1_20140726_20140923,ca_m_4012215_sw_10,2014-07-26T00:00:00,2014,https://naipeuwest.blob.core.windows.net/naip/v002/ca/2014/ca_100cm_2014/40122/m_4012215_sw_10_1_20140726.tif?st=2025-07-10T08%3A20%3A09Z&se=2025-07-11T09%3A05%3A09Z&sp=rl&sv=2024-05-04&sr=c&skoid=9c8ff44a-6a2c-4dfb-b298-1c9212f64d9a&sktid=72f988bf-86f1-41af-91ab-2d7cd011db47&skt=2025-07-10T16%3A01%3A18Z&ske=2025-07-17T16%3A01%3A18Z&sks=b&skv=2024-05-04&sig=wQ9q3EqDhF/qJoTB2bFLPMrIH4FGseAx2ia3UZGo%2B8E%3D,"[-122.254296, 40.746833, -122.183129, 40.815651]",../data/ca_m_4012215_sw_10_1_20140726_20140923.tif
ca_m_4012215_nw_10_1_20140726_20140923,ca_m_4012215_nw_10,2014-07-26T00:00:00,2014,https://naipeuwest.blob.core.windows.net/naip/v002/ca/2014/ca_100cm_2014/40122/m_4012215_nw_10_1_20140726.tif?st=2025-07-10T08%3A20%3A09Z&se=2025-07-11T09%3A05%3A09Z&sp=rl&sv=2024-05-04&sr=c&skoid=9c8ff44a-6a2c-4dfb-b298-1c9212f64d9a&sktid=72f988bf-86f1-41af-91ab-2d7cd011db47&skt=2025-07-10T16%3A01%3A18Z&ske=2025-07-17T16%3A01%3A18Z&sks=b&skv=2024-05-04&sig=wQ9q3EqDhF/qJoTB2bFLPMrIH4FGseAx2ia3UZGo%2B8E%3D,"[-122.254296, 40.809334, -122.183121, 40.878151]",../data/ca_m_4012215_nw_10_1_20140726_20140923.tif
ca_m_4012216_sw_10_1_20140726_20140923,ca_m_4012216_sw_10,2014-07-26T00:00:00,2014,https://naipeuwest.blob.core.windows.net/naip/v002/ca/2014/ca_100cm_2014/40122/m_4012216_sw_10_1_20140726.tif?st=2025-07-10T08%3A20%3A09Z&se=2025-07-11T09%3A05%3A09Z&sp=rl&sv=2024-05-04&sr=c&skoid=9c8ff44a-6a2c-4dfb-b298-1c9212f64d9a&sktid=72f988bf-86f1-41af-91ab-2d7cd011db47&skt=2025-07-10T16%3A01%3A18Z&ske=2025-07-17T16%3A01%3A18Z&sks=b&skv=2024-05-04&sig=wQ9q3EqDhF/qJoTB2bFLPMrIH4FGseAx2ia3UZGo%2B8E%3D,"[-122.129413, 40.746765, -122.058013, 40.815721]",../data/ca_m_4012216_sw_10_1_20140726_20140923.tif
ca_m_4012215_se_10_1_20140726_20140923,ca_m_4012215_se_10,2014-07-26T00:00:00,2014,https://naipeuwest.blob.core.windows.net/naip/v002/ca/2014/ca_100cm_2014/40122/m_4012215_se_10_1_20140726.tif?st=2025-07-10T08%3A20%3A09Z&se=2025-07-11T09%3A05%3A09Z&sp=rl&sv=2024-05-04&sr=c&skoid=9c8ff44a-6a2c-4dfb-b298-1c9212f64d9a&sktid=72f988bf-86f1-41af-91ab-2d7cd011db47&skt=2025-07-10T16%3A01%3A18Z&ske=2025-07-17T16%3A01%3A18Z&sks=b&skv=2024-05-04&sig=wQ9q3EqDhF/qJoTB2bFLPMrIH4FGseAx2ia3UZGo%2B8E%3D,"[-122.191849, 40.746798, -122.120571, 40.815689]",../data/ca_m_4012215_se_10_1_20140726_20140923.tif
ca_m_4012214_se_10_1_20140726_20140923,ca_m_4012214_se_10,2014-07-26T00:00:00,2014,https://naipeuwest.blob.core.windows.net/naip/v002/ca/2014/ca_100cm_2014/40122/m_4012214_se_10_1_20140726.tif?st=2025-07-10T08%3A20%3A09Z&se=2025-07-11T09%3A05%3A09Z&sp=rl&sv=2024-05-04&sr=c&skoid=9c8ff44a-6a2c-4dfb-b298-1c9212f64d9a&sktid=72f988bf-86f1-41af-91ab-2d7cd011db47&skt=2025-07-10T16%3A01%3A18Z&ske=2025-07-17T16%3A01%3A18Z&sks=b&skv=2024-05-04&sig=wQ9q3EqDhF/qJoTB2bFLPMrIH4FGseAx2ia3UZGo%2B8E%3D,"[-122.316732, 40.746871, -122.245687, 40.815615]",../data/ca_m_4012214_se_10_1_20140726_20140923.tif
ca_m_4012214_sw_10_1_20140726_20140923,ca_m_4012214_sw_10,2014-07-26T00:00:00,2014,https://naipeuwest.blob.core.windows.net/naip/v002/ca/2014/ca_100cm_2014/40122/m_4012214_sw_10_1_20140726.tif?st=2025-07-10T08%3A20%3A09Z&se=2025-07-11T09%3A05%3A09Z&sp=rl&sv=2024-05-04&sr=c&skoid=9c8ff44a-6a2c-4dfb-b298-1c9212f64d9a&sktid=72f988bf-86f1-41af-91ab-2d7cd011db47&skt=2025-07-10T16%3A01%3A18Z&ske=2025-07-17T16%3A01%3A18Z&sks=b&skv=2024-05-04&sig=wQ9q3EqDhF/qJoTB2bFLPMrIH4FGseAx2ia3UZGo%2B8E%3D,"[-122.379168, 40.746911, -122.308258, 40.815582]",../data/ca_m_4012214_sw_10_1_20140726_20140923.tif
ca_m_4012215_ne_10_1_20140726_20140923,ca_m_4012215_ne_10,2014-07-26T00:00:00,2014,https://naipeuwest.blob.core.windows.net/naip/v002/ca/2014/ca_100cm_2014/40122/m_4012215_ne_10_1_20140726.tif?st=2025-07-10T08%3A20%3A09Z&se=2025-07-11T09%3A05%3A09Z&sp=rl&sv=2024-05-04&sr=c&skoid=9c8ff44a-6a2c-4dfb-b298-1c9212f64d9a&sktid=72f988bf-86f1-41af-91ab-2d7cd011db47&skt=2025-07-10T16%3A01%3A18Z&ske=2025-07-17T16%3A01%3A18Z&sks=b&skv=2024-05-04&sig=wQ9q3EqDhF/qJoTB2bFLPMrIH4FGseAx2ia3UZGo%2B8E%3D,"[-122.191862, 40.809298, -122.120563, 40.878189]",../data/ca_m_4012215_ne_10_1_20140726_20140923.tif
ca_m_4012214_nw_10_1_20140726_20140923,ca_m_4012214_nw_10,2014-07-26T00:00:00,2014,https://naipeuwest.blob.core.windows.net/naip/v002/ca/2014/ca_100cm_2014/40122/m_4012214_nw_10_1_20140726.tif?st=2025-07-10T08%3A20%3A09Z&se=2025-07-11T09%3A05%3A09Z&sp=rl&sv=2024-05-04&sr=c&skoid=9c8ff44a-6a2c-4dfb-b298-1c9212f64d9a&sktid=72f988bf-86f1-41af-91ab-2d7cd011db47&skt=2025-07-10T16%3A01%3A18Z&ske=2025-07-17T16%3A01%3A18Z&sks=b&skv=2024-05-04&sig=wQ9q3EqDhF/qJoTB2bFLPMrIH4FGseAx2ia3UZGo%2B8E%3D,"[-122.379178, 40.809412, -122.308248, 40.878082]",../data/ca_m_4012214_nw_10_1_20140726_20140923.tif
ca_m_4012214_ne_10_1_20140726_20140923,ca_m_4012214_ne_10,2014-07-26T00:00:00,2014,https://naipeuwest.blob.core.windows.net/naip/v002/ca/2014/ca_100cm_2014/40122/m_4012214_ne_10_1_20140726.tif?st=2025-07-10T08%3A20%3A09Z&se=2025-07-11T09%3A05%3A09Z&sp=rl&sv=2024-05-04&sr=c&skoid=9c8ff44a-6a2c-4dfb-b298-1c9212f64d9a&sktid=72f988bf-86f1-41af-91ab-2d7cd011db47&skt=2025-07-10T16%3A01%3A18Z&ske=2025-07-17T16%3A01%3A18Z&sks=b&skv=2024-05-04&sig=wQ9q3EqDhF/qJoTB2bFLPMrIH4FGseAx2ia3UZGo%2B8E%3D,"[-122.316731, 40.809372, -122.24569, 40.878116]",../data/ca_m_4012214_ne_10_1_20140726_20140923.tif
ca_m_4012208_sw_10_1_20140726_20140923,ca_m_4012208_sw_10,2014-07-26T00:00:00,2014,https://naipeuwest.blob.core.windows.net/naip/v002/ca/2014/ca_100cm_2014/40122/m_4012208_sw_10_1_20140726.tif?st=2025-07-10T08%3A20%3A09Z&se=2025-07-11T09%3A05%3A09Z&sp=rl&sv=2024-05-04&sr=c&skoid=9c8ff44a-6a2c-4dfb-b298-1c9212f64d9a&sktid=72f988bf-86f1-41af-91ab-2d7cd011db47&skt=2025-07-10T16%3A01%3A18Z&ske=2025-07-17T16%3A01%3A18Z&sks=b&skv=2024-05-04&sig=wQ9q3EqDhF/qJoTB2bFLPMrIH4FGseAx2ia3UZGo%2B8E%3D,"[-122.129428, 40.871765, -122.057997, 40.940729]",../data/ca_m_4012208_sw_10_1_20140726_20140923.tif
ca_m_4012208_nw_10_1_20140726_20140923,ca_m_4012208_nw_10,2014-07-26T00:00:00,2014,https://naipeuwest.blob.core.windows.net/naip/v002/ca/2014/ca_100cm_2014/40122/m_4012208_nw_10_1_20140726.tif?st=2025-07-10T08%3A20%3A09Z&se=2025-07-11T09%3A05%3A09Z&sp=rl&sv=2024-05-04&sr=c&skoid=9c8ff44a-6a2c-4dfb-b298-1c9212f64d9a&sktid=72f988bf-86f1-41af-91ab-2d7cd011db47&skt=2025-07-10T16%3A01%3A18Z&ske=2025-07-17T16%3A01%3A18Z&sks=b&skv=2024-05-04&sig=wQ9q3EqDhF/qJoTB2bFLPMrIH4FGseAx2ia3UZGo%2B8E%3D,"[-122.129427, 40.934263, -122.057987, 41.003227]",../data/ca_m_4012208_nw_10_1_20140726_20140923.tif
ca_m_4012213_ne_10_1_20140726_20140923,ca_m_4012213_ne_10,2014-07-26T00:00:00,2014,https://naipeuwest.blob.core.windows.net/naip/v002/ca/2014/ca_100cm_2014/40122/m_4012213_ne_10_1_20140726.tif?st=2025-07-10T08%3A20%3A09Z&se=2025-07-11T09%3A05%3A09Z&sp=rl&sv=2024-05-04&sr=c&skoid=9c8ff44a-6a2c-4dfb-b298-1c9212f64d9a&sktid=72f988bf-86f1-41af-91ab-2d7cd011db47&skt=2025-07-10T16%3A01%3A18Z&ske=2025-07-17T16%3A01%3A18Z&sks=b&skv=2024-05-04&sig=wQ9q3EqDhF/qJoTB2bFLPMrIH4FGseAx2ia3UZGo%2B8E%3D,"[-122.441614, 40.809445, -122.370806, 40.878041]",../data/ca_m_4012213_ne_10_1_20140726_20140923.tif
ca_m_4012207_sw_10_1_20140726_20140923,ca_m_4012207_sw_10,2014-07-26T00:00:00,2014,https://naipeuwest.blob.core.windows.net/naip/v002/ca/2014/ca_100cm_2014/40122/m_4012207_sw_10_1_20140726.tif?st=2025-07-10T08%3A20%3A09Z&se=2025-07-11T09%3A05%3A09Z&sp=rl&sv=2024-05-04&sr=c&skoid=9c8ff44a-6a2c-4dfb-b298-1c9212f64d9a&sktid=72f988bf-86f1-41af-91ab-2d7cd011db47&skt=2025-07-10T16%3A01%3A18Z&ske=2025-07-17T16%3A01%3A18Z&sks=b&skv=2024-05-04&sig=wQ9q3EqDhF/qJoTB2bFLPMrIH4FGseAx2ia3UZGo%2B8E%3D,"[-122.254308, 40.871834, -122.183123, 40.940651]",../data/ca_m_4012207_sw_10_1_20140726_20140923.tif
ca_m_4012207_se_10_1_20140726_20140923,ca_m_4012207_se_10,2014-07-26T00:00:00,2014,https://naipeuwest.blob.core.windows.net/naip/v002/ca/2014/ca_100cm_2014/40122/m_4012207_se_10_1_20140726.tif?st=2025-07-10T08%3A20%3A09Z&se=2025-07-11T09%3A05%3A09Z&sp=rl&sv=2024-05-04&sr=c&skoid=9c8ff44a-6a2c-4dfb-b298-1c9212f64d9a&sktid=72f988bf-86f1-41af-91ab-2d7cd011db47&skt=2025-07-10T16%3A01%3A18Z&ske=2025-07-17T16%3A01%3A18Z&sks=b&skv=2024-05-04&sig=wQ9q3EqDhF/qJoTB2bFLPMrIH4FGseAx2ia3UZGo%2B8E%3D,"[-122.191862, 40.871798, -122.120554, 40.940689]",../data/ca_m_4012207_se_10_1_20140726_20140923.tif
ca_m_4012207_nw_10_1_20140726_20140923,ca_m_4012207_nw_10,2014-07-26T00:00:00,2014,https://naipeuwest.blob.core.windows.net/naip/v002/ca/2014/ca_100cm_2014/40122/m_4012207_nw_10_1_20140726.tif?st=2025-07-10T08%3A20%3A09Z&se=2025-07-11T09%3A05%3A09Z&sp=rl&sv=2024-05-04&sr=c&skoid=9c8ff44a-6a2c-4dfb-b298-1c9212f64d9a&sktid=72f988bf-86f1-41af-91ab-2d7cd011db47&skt=2025-07-10T16%3A01%3A18Z&ske=2025-07-17T16%3A01%3A18Z&sks=b&skv=2024-05-04&sig=wQ9q3EqDhF/qJoTB2bFLPMrIH4FGseAx2ia3UZGo%2B8E%3D,"[-122.254306, 40.934333, -122.183113, 41.00315]",../data/ca_m_4012207_nw_10_1_20140726_20140923.tif
ca_m_4012207_ne_10_1_20140726_20140923,ca_m_4012207_ne_10,2014-07-26T00:00:00,2014,https://naipeuwest.blob.core.windows.net/naip/v002/ca/2014/ca_100cm_2014/40122/m_4012207_ne_10_1_20140726.tif?st=2025-07-10T08%3A20%3A09Z&se=2025-07-11T09%3A05%3A09Z&sp=rl&sv=2024-05-04&sr=c&skoid=9c8ff44a-6a2c-4dfb-b298-1c9212f64d9a&sktid=72f988bf-86f1-41af-91ab-2d7cd011db47&skt=2025-07-10T16%3A01%3A18Z&ske=2025-07-17T16%3A01%3A18Z&sks=b&skv=2024-05-04&sig=wQ9q3EqDhF/qJoTB2bFLPMrIH4FGseAx2ia3UZGo%2B8E%3D,"[-122.191873, 40.934297, -122.120556, 41.003187]",../data/ca_m_4012207_ne_10_1_20140726_20140923.tif
ca_m_4012206_sw_10_1_20140726_20140923,ca_m_4012206_sw_10,2014-07-26T00:00:00,2014,https://naipeuwest.blob.core.windows.net/naip/v002/ca/2014/ca_100cm_2014/40122/m_4012206_sw_10_1_20140726.tif?st=2025-07-10T08%3A20%3A09Z&se=2025-07-11T09%3A05%3A09Z&sp=rl&sv=2024-05-04&sr=c&skoid=9c8ff44a-6a2c-4dfb-b298-1c9212f64d9a&sktid=72f988bf-86f1-41af-91ab-2d7cd011db47&skt=2025-07-10T16%3A01%3A18Z&ske=2025-07-17T16%3A01%3A18Z&sks=b&skv=2024-05-04&sig=wQ9q3EqDhF/qJoTB2bFLPMrIH4FGseAx2ia3UZGo%2B8E%3D,"[-122.379176, 40.871903, -122.308238, 40.940582]",../data/ca_m_4012206_sw_10_1_20140726_20140923.tif
ca_m_4012206_se_10_1_20140726_20140923,ca_m_4012206_se_10,2014-07-26T00:00:00,2014,https://naipeuwest.blob.core.windows.net/naip/v002/ca/2014/ca_100cm_2014/40122/m_4012206_se_10_1_20140726.tif?st=2025-07-10T08%3A20%3A09Z&se=2025-07-11T09%3A05%3A09Z&sp=rl&sv=2024-05-04&sr=c&skoid=9c8ff44a-6a2c-4dfb-b298-1c9212f64d9a&sktid=72f988bf-86f1-41af-91ab-2d7cd011db47&skt=2025-07-10T16%3A01%3A18Z&ske=2025-07-17T16%3A01%3A18Z&sks=b&skv=2024-05-04&sig=wQ9q3EqDhF/qJoTB2bFLPMrIH4FGseAx2ia3UZGo%2B8E%3D,"[-122.316742, 40.871872, -122.245681, 40.940615]",../data/ca_m_4012206_se_10_1_20140726_20140923.tif
ca_m_4012206_ne_10_1_20140726_20140923,ca_m_4012206_ne_10,2014-07-26T00:00:00,2014,https://naipeuwest.blob.core.windows.net/naip/v002/ca/2014/ca_100cm_2014/40122/m_4012206_ne_10_1_20140726.tif?st=2025-07-10T08%3A20%3A09Z&se=2025-07-11T09%3A05%3A09Z&sp=rl&sv=2024-05-04&sr=c&skoid=9c8ff44a-6a2c-4dfb-b298-1c9212f64d9a&sktid=72f988bf-86f1-41af-91ab-2d7cd011db47&skt=2025-07-10T16%3A01%3A18Z&ske=2025-07-17T16%3A01%3A18Z&sks=b&skv=2024-05-04&sig=wQ9q3EqDhF/qJoTB2bFLPMrIH4FGseAx2ia3UZGo%2B8E%3D,"[-122.316752, 40.934371, -122.245682, 41.003114]",../data/ca_m_4012206_ne_10_1_20140726_20140923.tif
ca_m_4012206_nw_10_1_20140726_20140923,ca_m_4012206_nw_10,2014-07-26T00:00:00,2014,https://naipeuwest.blob.core.windows.net/naip/v002/ca/2014/ca_100cm_2014/40122/m_4012206_nw_10_1_20140726.tif?st=2025-07-10T08%3A20%3A09Z&se=2025-07-11T09%3A05%3A09Z&sp=rl&sv=2024-05-04&sr=c&skoid=9c8ff44a-6a2c-4dfb-b298-1c9212f64d9a&sktid=72f988bf-86f1-41af-91ab-2d7cd011db47&skt=2025-07-10T16%3A01%3A18Z&ske=2025-07-17T16%3A01%3A18Z&sks=b&skv=2024-05-04&sig=wQ9q3EqDhF/qJoTB2bFLPMrIH4FGseAx2ia3UZGo%2B8E%3D,"[-122.379186, 40.934411, -122.308239, 41.003081]",../data/ca_m_4012206_nw_10_1_20140726_20140923.tif
ca_m_4012205_se_10_1_20140726_20140923,ca_m_4012205_se_10,2014-07-26T00:00:00,2014,https://naipeuwest.blob.core.windows.net/naip/v002/ca/2014/ca_100cm_2014/40122/m_4012205_se_10_1_20140726.tif?st=2025-07-10T08%3A20%3A09Z&se=2025-07-11T09%3A05%3A09Z&sp=rl&sv=2024-05-04&sr=c&skoid=9c8ff44a-6a2c-4dfb-b298-1c9212f64d9a&sktid=72f988bf-86f1-41af-91ab-2d7cd011db47&skt=2025-07-10T16%3A01%3A18Z&ske=2025-07-17T16%3A01%3A18Z&sks=b&skv=2024-05-04&sig=wQ9q3EqDhF/qJoTB2bFLPMrIH4FGseAx2ia3UZGo%2B8E%3D,"[-122.441623, 40.871945, -122.370808, 40.94055]",../data/ca_m_4012205_se_10_1_20140726_20140923.tif
